owner,tickLower,tickUpper,Margin,Pending Settlement Cashflow,seized margin,surplus margin,Balance pre Protocol contribution,Protocol contribution,takeHome
0x020b0d4c844e0dbca51c9ab779df0191978c0359,-10980,-6960,1101,0,0,1101,1082.739417,18.26058302,1101
0x020b0d4c844e0dbca51c9ab779df0191978c0359,-69060,0,0.001141,0.004072,0,0.001141,0.001122075999,0.004090924001,0.005213
0x02c5c40425610293b93e2cafaa521ea1e93a6b5e,-23040,6960,1.509651,0.61303,0,1.509651,1.484612755,0.6380682447,2.122681
0x02c5c40425610293b93e2cafaa521ea1e93a6b5e,-69060,0,0.001142,0.21517,0,0.001142,0.001123059413,0.2151889406,0.216312
0x055790737e8d8213072d54648088c157afd695dc,-16080,0,1.054567,0,0,1.054567,1.037076529,0.01749047071,1.054567
0x055790737e8d8213072d54648088c157afd695dc,-16080,9180,0.110013,0.000094,0,0.110013,0.1081883846,0.001918615368,0.110107
0x055790737e8d8213072d54648088c157afd695dc,-69060,0,0.001143,0.177655,0,0.001143,0.001124042828,0.1776739572,0.178798
0x081ea781a87b806b11f3ad6db68118d241ac3c80,-52800,-5700,6.231849,-17.934059,6.231849,0,0,0,0
0x08364e0cc4d2e071e9ba7736fb9ca07cb5ca490c,-69060,0,0.955856,-0.01415,0.01415,0.941706,0.92608738,0.01561861998,0.941706
0x0a4c625d84ac9f3c784ed8c34535f87284f1fb4c,-69060,0,0.008427,46.335384,0,0.008427,0.008287234393,46.33552377,46.343811
0x0a5c7480c4e44ff77a4cc92f52a1db5085f08741,-69060,0,0,0,0,0,0,0,0
0x0aa5b39bc9e7e2ff26dcfec7040db0cdcb61cfae,-9180,-6960,1,0,0,1,0.9834145477,0.01658545233,1
0x0c3caa2a91900727e3cbd8f47dfd79ca96b9f8b2,-69060,0,5100.00137,-243.957319,243.957319,4856.044051,4775.504364,80.53968714,4856.044051
0x0d02730eb746b53b840651458931ef74083c2689,-6960,0,0.3912,0,0,0.3912,0.384711771,0.006488228953,0.3912
0x0e37017316b0577ea07d461d8ab2887107e78cd9,-10980,0,150,0,0,150,147.5121821,2.48781785,150
0x0f1468a9dd8d9165e8a2b7b942fee0e7b65642f6,-69060,0,0.000098,1.184059,0,0.000098,9.64E-05,1.184060625,1.184157
0x1046f167a1a9467c299904a45b790aec6bc5f53f,-23040,23040,1007.53161,-76.204643,76.204643,931.326967,915.880488,15.44647902,931.326967
0x10bd976423f15912ac4a437357c2ea7fb7b572e9,-16080,9180,0.100013,0.000094,0,0.100013,0.09835423916,0.001752760844,0.100107
0x10bd976423f15912ac4a437357c2ea7fb7b572e9,-23040,6960,2.306802,0.610681,0,2.306802,2.268542645,0.6489403546,2.917483
0x10bd976423f15912ac4a437357c2ea7fb7b572e9,-69060,0,0.001827,30.154456,0,0.001827,0.001796698379,30.1544863,30.156283
0x126b5b3919f31597ebcfb418c5f7db4e6dcc2123,-69060,0,0,0,0,0,0,0,0
0x163d1a5708e536605e7b7b4b3b46a95dbf517800,-24840,-23040,0.000001,0,0,0.000001,9.83E-07,1.66E-08,0.000001
0x163d1a5708e536605e7b7b4b3b46a95dbf517800,-69060,0,1.108633,8.144123,0,1.108633,1.09024582,8.16251018,9.252756
0x16b9967fa64d4064dfef0883b678d1566cc56c40,-13140,-13080,28.27594,-104.944395,28.27594,0,0,0,0
0x16b9967fa64d4064dfef0883b678d1566cc56c40,-69060,0,0,0,0,0,0,0,0
0x1930b7f236d94e872a0b9ded104ba092d85a3856,-10980,23040,0.01,0,0,0.01,0.009834145477,0.0001658545233,0.01
0x1930b7f236d94e872a0b9ded104ba092d85a3856,-13380,-12780,0.0033,0,0,0.0033,0.003245268007,5.47E-05,0.0033
0x1930b7f236d94e872a0b9ded104ba092d85a3856,-69060,0,0.00161,0.000003,0,0.00161,0.001583297422,2.97E-05,0.001613
0x1aab5ad27515409cf96f8ee10c41e2fd8f0365dd,-69060,0,0,0,0,0,0,0,0
0x1ac0dbef5e3edc8b24be3663f3632457d5044c47,-16080,-6960,0.262032,-0.209343,0.209343,0.052689,0.0518151291,0.000873870898,0.052689
0x1ac0dbef5e3edc8b24be3663f3632457d5044c47,-69060,0,1.137074,-1.88194,1.137074,0,0,0,0
0x1f85468b3aa79d39b5f642f9f33fa22d8a419347,-34680,-17940,0.000001,0,0,0.000001,9.83E-07,1.66E-08,0.000001
0x213c84b94374b3a0c0b9cef99607c5a0611a02df,-23040,23040,1006.792392,-76.149442,76.149442,930.64295,915.2078157,15.43513429,930.64295
0x26a3d4d55e4baa01675df990319dd5a2e9adfcf8,-69060,0,0.000956,0.000769,0,0.000956,0.0009401443076,0.0007848556924,0.001725
0x27f4128205122af0ce0b87190d7986814969c494,-29940,0,2.440428,-1.221979,1.221979,1.218449,1.198240472,0.02020852781,1.218449
0x27f4128205122af0ce0b87190d7986814969c494,-29940,-28920,0.408414,-0.133231,0.133231,0.275183,0.2706189655,0.00456403453,0.275183
0x27f4128205122af0ce0b87190d7986814969c494,-69060,0,16.459563,1.370167,0,16.459563,16.1865737,1.643156298,17.82973
0x2c12708ef3e449068e9b3fdb2016122181c84aea,-13860,0,0.000001,0,0,0.000001,9.83E-07,1.66E-08,0.000001
0x2c12708ef3e449068e9b3fdb2016122181c84aea,-69060,0,0.000126,0.000164,0,0.000126,0.000123910233,0.000166089767,0.00029
0x2c6c59752bed9c8d1d1b8b3d0016f20f3e11aeb6,-10980,0,0.01,0,0,0.01,0.009834145477,0.0001658545233,0.01
0x2c6c59752bed9c8d1d1b8b3d0016f20f3e11aeb6,-20820,-13860,0.759063,-0.719135,0.719135,0.039928,0.03926577606,0.0006622239408,0.039928
0x2c6c59752bed9c8d1d1b8b3d0016f20f3e11aeb6,-6960,1080,0.75,0,0,0.75,0.7375609107,0.01243908925,0.75
0x2d481c39e28c71915fee81854d1c95cbcf5a5d74,-10980,-6960,52,0,0,52,51.13755648,0.8624435214,52
0x2d481c39e28c71915fee81854d1c95cbcf5a5d74,-69060,0,0.232808,-0.006832,0.006832,0.225976,0.2222280858,0.003747914177,0.225976
0x2d58788dbc9518c5926e9854e0f02cb433aecd00,-69060,0,510.000001,-0.003091,0.003091,509.99691,501.5383806,8.458529441,509.99691
0x319c117fbda2de5462cf63109fc275b7df910d60,-13200,-13080,923.086914,-7799.423937,923.086914,0,0,0,0
0x319c117fbda2de5462cf63109fc275b7df910d60,-69060,0,0.00002,-0.000014,0.000014,0.000006,5.90E-06,9.95E-08,0.000006
0x32707a8329c1da69a7af1cc1824ab90662c877fa,-16080,23040,0.000001,0,0,0.000001,9.83E-07,1.66E-08,0.000001
0x32707a8329c1da69a7af1cc1824ab90662c877fa,-21660,4800,1,-0.000072,0.000072,0.999928,0.9833437418,0.01658425818,0.999928
0x32707a8329c1da69a7af1cc1824ab90662c877fa,-69060,0,0.000698,0.008913,0,0.000698,0.0006864233543,0.008924576646,0.009611
0x329c53d2d05758eaf184de17b490bd5181459ca2,-23040,23040,1006.829892,-76.149442,76.149442,930.68045,915.2446938,15.43575624,930.68045
0x36527b0f83049ca694a9fde2970db591ae4f3299,-23040,23040,1007.180751,-76.177043,76.177043,931.003708,915.5625904,15.44111762,931.003708
0x36745a246da393c9faadb04f0e8a505cda372456,-16080,0,0.233057,0,0,0.233057,0.2291916442,0.003865355765,0.233057
0x36745a246da393c9faadb04f0e8a505cda372456,-23040,6960,0.367644,-0.211076,0.211076,0.156568,0.1539712489,0.002596751101,0.156568
0x36745a246da393c9faadb04f0e8a505cda372456,-69060,0,18.170931,24.745033,0,18.170931,17.86955789,25.04640611,42.915964
0x398e792451c8c986e88e0cbf6b9f46fd698bf3ac,-69060,0,1.538021,-0.366465,0.366465,1.171556,1.152125214,0.01943078619,1.171556
0x3a131bfe47775ef1ed2512f8e9401d29d93227b3,-16080,9180,0.100013,0.000094,0,0.100013,0.09835423916,0.001752760844,0.100107
0x3a131bfe47775ef1ed2512f8e9401d29d93227b3,-23040,6960,0.824402,0.610681,0,0.824402,0.8107289199,0.6243540801,1.435083
0x3a131bfe47775ef1ed2512f8e9401d29d93227b3,-69060,0,0.846588,1.656475,0,0.846588,0.8325469551,1.670516045,2.503063
0x3a8713065e4daa9603b91ef35d6a8336ef7b26c6,-69060,0,508.759964,3784.701343,0,508.759964,500.3219499,3793.139357,4293.461307
0x3b2f8c00cc8593d9cbd1ca644c44203e817e2c71,-69060,0,5021.000582,207.873481,0,5021.000582,4937.725016,291.1490468,5228.874063
0x3b2f8c00cc8593d9cbd1ca644c44203e817e2c71,9180,16080,1001.9479,0,0,1001.9479,985.3301409,16.61775914,1001.9479
0x3d3233156c7a58986f05b3f4c8c539c72502b107,-13380,-12540,952.329609,-48987.97907,952.329609,0,0,0,0
0x3d3233156c7a58986f05b3f4c8c539c72502b107,-69060,0,0.590865,0.00042,0,0.590865,0.5810652367,0.01021976329,0.591285
0x3de0dfc8c1d81fcbe82057d3c14e02c9cf37412a,-23040,23040,1007.48471,-76.204643,76.204643,931.280067,915.8343658,15.44570116,931.280067
0x3f62e4c7c23f540445534a9ce62e7b9be45333af,-14580,-11940,11455.5048,-8712.171837,8712.171837,2743.332963,2697.833545,45.49941809,2743.332963
0x4265fb52e31b1eab0193f36e9c3480deca79f9c6,-69060,0,503,-0.002037,0.002037,502.997963,494.6555143,8.342448739,502.997963
0x434a8637c93868106ee2b633cf524e02bf63a037,-10980,-6960,1,0,0,1,0.9834145477,0.01658545233,1
0x470d235ca1caff614abee02d98ac3aa89a6758bd,-13860,-10980,0.000001,0,0,0.000001,9.83E-07,1.66E-08,0.000001
0x470d235ca1caff614abee02d98ac3aa89a6758bd,-13860,-12540,0.000001,0,0,0.000001,9.83E-07,1.66E-08,0.000001
0x470d235ca1caff614abee02d98ac3aa89a6758bd,-69060,0,0.00099,-0.000116,0.000116,0.000874,0.0008595043147,1.45E-05,0.000874
0x48b068dd93d302be87d989c68a14a994234a530b,-16080,0,157.666192,-39.780581,39.780581,117.885611,115.9304248,1.955186182,117.885611
0x49f63b254ea9043e57678c13e06aef257fab45c1,-16080,-10980,16.344032,-1666.765781,16.344032,0,0,0,0
0x49f63b254ea9043e57678c13e06aef257fab45c1,-69060,0,0,0,0,0,0,0,0
0x4cafce7c2a2ff3ed743a2254cbd343b53db1db2c,-14340,-11640,0.000001,0,0,0.000001,9.83E-07,1.66E-08,0.000001
0x4cbcf3f319d7a20d5fca93bbedbb57fb7f12e6f4,-12540,-12300,0.000001,0,0,0.000001,9.83E-07,1.66E-08,0.000001
0x4cbcf3f319d7a20d5fca93bbedbb57fb7f12e6f4,-69060,0,0.174633,0.000056,0,0.174633,0.1717366327,0.002952367297,0.174689
0x4f49c34759b7e888ce77de9dd34fec63d63495cc,0,69060,24.739307,0,0,24.739307,24.3289944,0.410312597,24.739307
0x4f49c34759b7e888ce77de9dd34fec63d63495cc,-69060,0,0.219558,-0.198921,0.198921,0.020637,0.02029472602,0.0003422739798,0.020637
0x4f5ebba67dcdfa8bfaec752bde6400c0147a36c6,-69060,0,0.695766,-0.008495,0.008495,0.687271,0.6758722996,0.01139870041,0.687271
0x4fe503de4edf5ba376521e0555e65616ec3548fa,-10980,-6960,15,0,0,15,14.75121821,0.248781785,15
0x4fe503de4edf5ba376521e0555e65616ec3548fa,-34680,-17940,10.294996,-3240.357349,10.294996,0,0,0,0
0x4fe503de4edf5ba376521e0555e65616ec3548fa,-69060,0,0.563582,-0.062234,0.062234,0.501348,0.4930329166,0.008315083357,0.501348
0x5027b328022b83f5927bc6975202ce6d2e1b1326,-16080,24060,10.388233,-0.381539,0.381539,10.006694,9.840728454,0.1659655464,10.006694
0x5027b328022b83f5927bc6975202ce6d2e1b1326,-69060,0,0.027156,0.000534,0,0.027156,0.02670560546,0.0009843945436,0.02769
0x51bb58cd83491c45e79f7f68c7291645e2e06734,-69060,0,5.659683,-11.505427,5.659683,0,0,0,0
0x51bb58cd83491c45e79f7f68c7291645e2e06734,-6960,23040,1000,0,0,1000,983.4145477,16.58545233,1000
0x542e4dc1d3e7314ccbe93568baa428b01eb90fbc,-69060,0,502,-0.002037,0.002037,501.997963,493.6720997,8.325863287,501.997963
0x542e4dc1d3e7314ccbe93568baa428b01eb90fbc,6960,16080,1003.0357,0,0,1003.0357,986.3998992,16.63580079,1003.0357
0x549c5fc0bc5bafa07515215e0ec8517bc845480b,-16080,0,1.277759,0.061611,0,1.277759,1.256566789,0.08280321099,1.33937
0x549c5fc0bc5bafa07515215e0ec8517bc845480b,-16080,9180,0.100013,0.000094,0,0.100013,0.09835423916,0.001752760844,0.100107
0x549c5fc0bc5bafa07515215e0ec8517bc845480b,-69060,0,0.216757,0.261717,0,0.216757,0.2131619871,0.2653120129,0.478474
0x555da6a5c851420c8f9c4c23537d8e2bb9bca674,-21540,-21420,0.001358,-0.173784,0.001358,0,0,0,0
0x555da6a5c851420c8f9c4c23537d8e2bb9bca674,-69060,0,0.000394,-0.000135,0.000135,0.000259,0.0002547043678,4.30E-06,0.000259
0x57b519468a253c8afb7d52e74e7572f29f194758,-12540,-12360,0.000001,0,0,0.000001,9.83E-07,1.66E-08,0.000001
0x57b519468a253c8afb7d52e74e7572f29f194758,-69060,0,0.117549,0.000087,0,0.117549,0.1155993967,0.002036603336,0.117636
0x5a6a19033e3790891a00d97be1931e45b2a78ff7,-23040,6960,1101.465637,-44.25778,44.25778,1057.207857,1039.673586,17.53427052,1057.207857
0x5c7439d5231aca3627c43440c8f9c1a19236d65a,-69060,0,0.000028,-0.000012,0.000012,0.000016,1.57E-05,2.65E-07,0.000016
0x5d0569904da31a914eec249efdb6a399c3d3e3ee,-13860,-6960,0.100123,-0.000794,0.000794,0.099329,0.09768158361,0.001647416395,0.099329
0x5d0569904da31a914eec249efdb6a399c3d3e3ee,-16680,-10980,1.763916,-1.452499,1.452499,0.311417,0.3062520082,0.005164991809,0.311417
0x5d0569904da31a914eec249efdb6a399c3d3e3ee,-69060,0,5.600006,-3.322877,3.322877,2.277129,2.239361786,0.03776721449,2.277129
0x5f3582b06b6697fd64e791ab7ace882fe66bc835,-69060,0,0.358068,-0.001733,0.001733,0.356335,0.3504250228,0.005909977157,0.356335
0x5f3928096d53fd00696f5eee18a3618693a91fd7,-10980,-6960,0.4572,0,0,0.4572,0.4496171312,0.007582868807,0.4572
0x60c2780b7412b9b28b724fbcd76a7e723468b664,-29940,-6960,5.046533,-1876.03838,5.046533,0,0,0,0
0x60c2780b7412b9b28b724fbcd76a7e723468b664,-69060,0,0.279814,-1.340256,0.279814,0,0,0,0
0x642c63f23055a8d17fe751b56c5030704e4c197b,-15060,-9180,1004.280422,-59.256929,59.256929,945.023493,929.3498509,15.6736421,945.023493
0x649165b44a9ae50eaade055e9ecd88134c8ccd62,-10980,-6960,2.8288,0,0,2.8288,2.781883072,0.04691692756,2.8288
0x64e1a38cbdcec7753e1242f0a23f6a6d6c9f4fa3,-69060,0,5025.000593,211.842765,0,5025.000593,4941.658685,295.1846728,5236.843358
0x667eeb11e3adfc2f3a8e30c2787f74a2760eccfe,-69060,-69000,0,0,0,0,0,0,0
0x673176bdf8431153dcfdbeb69afe3308e23dc4ed,-69060,0,502,-0.000814,0.000814,501.999186,493.6733024,8.325883571,501.999186
0x6c209c19deea3809aa4cd3dc2039e9af73d4fd44,4320,12060,1001.5568,0,0,1001.5568,984.9455274,16.61127257,1001.5568
0x6c209c19deea3809aa4cd3dc2039e9af73d4fd44,-69060,0,5009.000965,206.495246,0,5009.000965,4925.924418,289.5717927,5215.496211
0x6fecd2316df53383899fde64021c707af90017ab,-10980,-10620,1012.30338,0,0,1012.30338,995.5138705,16.78950946,1012.30338
0x6fecd2316df53383899fde64021c707af90017ab,-69060,0,1.614423,-0.882161,0.882161,0.732262,0.7201171035,0.0121448965,0.732262
0x7512f108f81278de1239006a3fb20907cf5c818f,-69060,0,0.485441,-0.503574,0.485441,0,0,0,0
0x756e68f85226e17c2ad9a36f5f3c81f88a01b20d,-23040,23040,1023.185015,-77.281058,77.281058,945.903957,930.215712,15.68824499,945.903957
0x7607b0a0e89120ada6ecab8dd9783ac1900aaa9c,-69060,0,477.411116,-750.389269,477.411116,0,0,0,0
0x7ed7380023e63b1f59d546fd9b8e982f2a31ca73,-40080,5100,1081.040522,-675.782878,675.782878,405.257644,398.5362627,6.721381338,405.257644
0x7f757b82d59c6c209616dcf911644f19e5ccf518,-16080,9180,0.1,0,0,0.1,0.09834145477,0.001658545233,0.1
0x7f757b82d59c6c209616dcf911644f19e5ccf518,-23040,6960,0.584742,-2.39792,0.584742,0,0,0,0
0x7f757b82d59c6c209616dcf911644f19e5ccf518,-69060,0,0.664732,-29.58429,0.664732,0,0,0,0
0x7fb653f2f5a3ffa425f8e9a9efdff6778217ae26,-69060,0,0,0,0,0,0,0,0
0x7fe33cb8beb6e3f4d92cd7fc337fc0abbeeb830a,-13200,-11460,218.964955,-218.964954,218.964954,1.00E-06,9.83E-07,1.66E-08,1.00E-06
0x7fe33cb8beb6e3f4d92cd7fc337fc0abbeeb830a,-13740,-12060,0,0,0,0,0,0,0
0x7fe33cb8beb6e3f4d92cd7fc337fc0abbeeb830a,-14220,-12720,0.000001,0,0,0.000001,9.83E-07,1.66E-08,0.000001
0x7fe33cb8beb6e3f4d92cd7fc337fc0abbeeb830a,-14760,-13320,0,0,0,0,0,0,0
0x80452c6ff94df1c341130250c40806c81fb01992,-13800,-12360,1106.150565,-47.19318,47.19318,1058.957385,1041.394098,17.56328723,1058.957385
0x811ac20a93a66b9195bcf1aa5e66f069d4471382,-13020,-12480,6.426111,0,0,6.426111,6.319531042,0.1065799577,6.426111
0x81b0cbbbc1a69bd7ceca46a61684103bd9a6fb21,-16320,-6720,1004.985665,-14.26549,14.26549,990.720175,974.2886328,16.43154224,990.720175
0x81b0cbbbc1a69bd7ceca46a61684103bd9a6fb21,-69060,0,5007.000576,205.605407,0,5007.000576,4923.957207,288.6487764,5212.605983
0x821d92e6e62a2004e2cec914c23a9f346add0331,-13860,-11640,177.709351,-138.822085,138.822085,38.887266,38.2423031,0.6449628966,38.887266
0x83fc6186feb5734b7356e9884415a71110810f93,-69060,0,0,0,0,0,0,0,0
0x87b675e9219a3b870df51449268b8c8c2241bf0c,-10980,-6960,1100,0,0,1100,1081.756002,18.24399757,1100
0x87b675e9219a3b870df51449268b8c8c2241bf0c,-69060,0,0.000687,0.01311,0,0.000687,0.0006756057942,0.01312139421,0.013797
0x8835d7deaab3b049f9e73fdde52b18a8d8f8e82a,-15060,-13380,20.000038,-0.003944,0.003944,19.996094,19.66444974,0.3316442639,19.996094
0x8901083bb577b335a5f6fddde705c00efe8c33d9,-10980,-6960,0.029375,0,0,0.029375,0.02888780234,0.0004871976623,0.029375
0x8901083bb577b335a5f6fddde705c00efe8c33d9,-69060,0,0.001257,1.428237,0,0.001257,0.001236152086,1.428257848,1.429494
0x8a45806606b96bd39af47ec8943d3b18ac51ba6e,-16080,0,0.29146,-0.150351,0.150351,0.141109,0.1387686434,0.002340356593,0.141109
0x8a45806606b96bd39af47ec8943d3b18ac51ba6e,-69060,0,0.758578,-1.357836,0.758578,0,0,0,0
0x8c9d6173cd7a77dd71e1a4e67c5cfeda424e6242,-69060,0,510,-0.004072,0.004072,509.995928,501.5374148,8.458513154,509.995928
0x8c9d6173cd7a77dd71e1a4e67c5cfeda424e6242,9180,16080,1001.1751,0,0,1001.1751,984.5701581,16.6049419,1001.1751
0x8e0caec3c8380a249c82fd7b4e8d3f98941a20ff,-23040,23040,0.000001,0,0,0.000001,9.83E-07,1.66E-08,0.000001
0x8e0caec3c8380a249c82fd7b4e8d3f98941a20ff,-69060,0,0.000017,0.000201,0,0.000017,1.67E-05,0.0002012819527,0.000218
0x9092164dcde75456862c7ac90c52120fa87094fb,-69060,0,0.000004,-0.000001,0.000001,0.000003,2.95E-06,4.98E-08,0.000003
0x92248678e4dac7b92ca6ad7071f62018eb3cbc5d,-23040,23040,1007.218251,-76.177043,76.177043,931.041208,915.5994684,15.44173958,931.041208
0x9241f27daffd0bb1df4f2a022584dd6c77843e64,-11640,-10980,2,0,0,2,1.966829095,0.03317090467,2
0x9241f27daffd0bb1df4f2a022584dd6c77843e64,-69060,0,1.312767,0.001733,0,1.312767,1.290994165,0.0235058345,1.3145
0x92c29f2d27559bc71c0f1a244b5c854c1728bab9,-14940,-10320,1003.337958,-72.40611,72.40611,930.931848,915.4919222,15.43992579,930.931848
0x92c29f2d27559bc71c0f1a244b5c854c1728bab9,-69060,0,5003.001528,204.347632,0,5003.001528,4920.024485,287.3246754,5207.34916
0x940f5293be23c4d06f9f561f2df79457d3782e1e,-46080,-38940,0.0725,0,0,0.0725,0.07129755471,0.001202445294,0.0725
0x942fec89e62c34ecfb26694654bec567fbdf68b5,-23040,-6960,74.657212,-89.046102,74.657212,0,0,0,0
0x942fec89e62c34ecfb26694654bec567fbdf68b5,-69060,0,570.000913,228.696767,0,570.000913,560.54719,238.15049,798.69768
0x95ae952b0fcbefd6c1013142420641d3c8143b3d,-69060,0,0.860526,-0.000003,0.000003,0.860523,0.8462508368,0.0142721632,0.860523
0x995482968992eee76d163e7a1791cdbb84e12616,-23040,0,18.642593,-67.336775,18.642593,0,0,0,0
0x995482968992eee76d163e7a1791cdbb84e12616,-69060,0,208.654238,-208.654237,208.654237,1.00E-06,9.83E-07,1.66E-08,1.00E-06
0x9959d3cdd5428858501917deabc5c4d236c8542d,-23040,23040,0.000001,0,0,0.000001,9.83E-07,1.66E-08,0.000001
0x997b86481ea10a414ac34acbcf1e3030274a618d,-16080,0,5072.814438,-941.683286,941.683286,4131.131152,4062.614473,68.51667881,4131.131152
0x997b86481ea10a414ac34acbcf1e3030274a618d,-16080,-10980,1.002046,-0.028238,0.028238,0.973808,0.9576569538,0.01615104617,0.973808
0x997b86481ea10a414ac34acbcf1e3030274a618d,-34980,0,1.000531,-0.011834,0.011834,0.988697,0.972299013,0.01639798697,0.988697
0x997b86481ea10a414ac34acbcf1e3030274a618d,-69060,0,5502.000573,329.682578,0,5502.000573,5410.747405,420.9357462,5831.683151
0x99eb80b4702cec059ce3fd8b062efc12d598f81b,-69060,0,0.000583,0.000338,0,0.000583,0.0005733306813,0.0003476693187,0.000921
0x99eb80b4702cec059ce3fd8b062efc12d598f81b,-9960,-6960,0.000001,0,0,0.000001,9.83E-07,1.66E-08,0.000001
0x9eeeecf388480fc47d377885b91edee60d463049,-23040,23040,1007.246351,-76.177043,76.177043,931.069308,915.6271024,15.44220563,931.069308
0xa42fc4ca35dbe3c9c529c6509445fe7664e22bb9,-40080,-12540,0.000001,0,0,0.000001,9.83E-07,1.66E-08,0.000001
0xa42fc4ca35dbe3c9c529c6509445fe7664e22bb9,-40920,5100,0,0,0,0,0,0,0
0xa541682db169aba643476027a8fa85a10e43b4c1,-13080,-6960,0.340018,0,0,0.340018,0.3343786477,0.005639352332,0.340018
0xa541682db169aba643476027a8fa85a10e43b4c1,-69060,0,0.758535,-1.405494,0.758535,0,0,0,0
0xa5ba45f484bc67fe293cf01f7d92d5ba3514dd42,-10980,-6960,1100,0,0,1100,1081.756002,18.24399757,1100
0xa634d9bf6516520e5b73b1bda8809a21cce8764f,-69060,0,0.000002,0.000001,0,0.000002,1.97E-06,1.03E-06,0.000003
0xa65f82af8f544a8c87b2057ab24064d95196aaa1,-16080,0,1.158124,0,0,1.158124,1.13891599,0.0192080104,1.158124
0xa65f82af8f544a8c87b2057ab24064d95196aaa1,-16080,9180,0.200013,0.000094,0,0.200013,0.1966956939,0.003411306078,0.200107
0xa65f82af8f544a8c87b2057ab24064d95196aaa1,-69060,0,0.001142,0.38989,0,0.001142,0.001123059413,0.3899089406,0.391032
0xa8a64e00094e474f7ac439d35fb8065dd6efe9aa,-10980,0,0.35,0,0,0.35,0.3441950917,0.005804908317,0.35
0xa8a64e00094e474f7ac439d35fb8065dd6efe9aa,-13860,-8340,0.030167,-0.00285,0.00285,0.027317,0.0268639352,0.0004530648014,0.027317
0xa8a64e00094e474f7ac439d35fb8065dd6efe9aa,-69060,0,1.738751,-1.632739,1.632739,0.106012,0.104253743,0.001758256973,0.106012
0xa9342dbb10d10bc034c582effce3c2935f0f329b,-69060,0,7.383623,0.002702,0,7.383623,7.261162273,0.1251627273,7.386325
0xac52c1586e5921c2c5da887b0cb7bf1b857c2efe,-69060,0,0.254223,0.007789,0,0.254223,0.2500065966,0.01200540345,0.262012
0xaec19d15f1b6b737c8f374fd90d1f19ca8fcbdeb,3540,6960,1001.8228,0,0,1001.8228,985.2071157,16.6156843,1001.8228
0xaec19d15f1b6b737c8f374fd90d1f19ca8fcbdeb,-69060,0,5035.000605,215.808621,0,5035.000605,4951.492842,299.3163835,5250.809226
0xaf81ebdf68fe7cdcf301d9dfcdc99be1a9bf5c05,-23040,0,0.0069,0,0,0.0069,0.006785560379,0.0001144396211,0.0069
0xb2237f59a8632073155cbc219b7830a00bcd53f3,-69060,0,100.000001,-0.060175,0.060175,99.939826,98.28227878,1.65754722,99.939826
0xb43b2bc6de8c6bac7bce7312d0376c4a71ed35b1,-23040,23040,1004.799496,-76.01144,76.01144,928.788056,913.383686,15.40437003,928.788056
0xb527e950fc7c4f581160768f48b3bfa66a7de1f0,-13860,-10620,51917.24271,-11972.00338,11972.00338,39945.23933,39282.72947,662.5098629,39945.23933
0xb53f22469e342044333e995f82fa2be70d4456fc,-13080,-9180,1,0,0,1,0.9834145477,0.01658545233,1
0xb53f22469e342044333e995f82fa2be70d4456fc,-69060,0,0.422782,0.007508,0,0.422782,0.4157699693,0.01452003071,0.43029
0xbd1572904ef0be1ade8709a4561fa3adf8b5f749,-69060,0,0,0,0,0,0,0,0
0xc1e1d684767e7fab411ce20daa6684f878cd5af5,-13080,-12240,5032.907882,-188.430958,188.430958,4844.476924,4764.129083,80.34784111,4844.476924
0xc1e1d684767e7fab411ce20daa6684f878cd5af5,-16080,9180,0.285145,-0.032306,0.032306,0.252839,0.2486455508,0.004193449183,0.252839
0xc1e1d684767e7fab411ce20daa6684f878cd5af5,-69060,0,0.116059,0.052529,0,0.116059,0.114134109,0.05445389101,0.168588
0xc5a279fe8fcf216d4525a7fbfe050234fddc40db,-23040,0,0.0342,0,0,0.0342,0.03363277753,0.0005672224698,0.0342
0xc726a77353dbc81fc506d71fa6752b8a44b4736d,-69060,0,509,-0.002035,0.002035,508.997965,500.5560035,8.441961487,508.997965
0xc89d0473858fc916283d645f60c21def5cfc9ea3,-34980,0,5.336087,-44.470129,5.336087,0,0,0,0
0xc96b54890f172986f8edc7aec6e8c09a53760526,16080,23040,1001.4705,0,0,1001.4705,984.8606588,16.60984124,1001.4705
0xc96b54890f172986f8edc7aec6e8c09a53760526,-69060,0,5020.001747,207.704943,0,5020.001747,4936.742747,290.9639427,5227.70669
0xcc09e49ce718128e62791938fdf3af436e11a36e,-10980,-6960,0.0829,0,0,0.0829,0.081525066,0.001374933998,0.0829
0xccd2e4419c6960c3779ad37e5f0f2280440c119d,-14220,-12540,0.000001,0,0,0.000001,9.83E-07,1.66E-08,0.000001
0xd1c805676244085838262806ffb92b21421e5b8d,-32580,-32220,554.037159,-33.082394,33.082394,520.954765,512.3144946,8.640270423,520.954765
0xd1c805676244085838262806ffb92b21421e5b8d,-38280,-31800,563.90977,-32.133372,32.133372,531.776398,522.9566459,8.819752101,531.776398
0xd2fcae8fefcdeac60470f2bfcac81bc9059a6cf1,-23100,0,0.0042,0,0,0.0042,0.0041303411,6.97E-05,0.0042
0xd2fcae8fefcdeac60470f2bfcac81bc9059a6cf1,-69060,0,0.465983,-0.001582,0.001582,0.464401,0.4566986994,0.007702300649,0.464401
0xd6088ff5d5581325b5c7edb77fabc1b61738669f,-16080,-10980,0.508858,-0.488806,0.488806,0.020052,0.01971942851,0.0003325714902,0.020052
0xd6088ff5d5581325b5c7edb77fabc1b61738669f,-16080,-11940,0.368983,-0.7139,0.368983,0,0,0,0
0xd6088ff5d5581325b5c7edb77fabc1b61738669f,-69060,0,1.000004,0.764525,0,1.000004,0.9834184813,0.7811105187,1.764529
0xd7c8bfee440fb4dea7cb2a5efe87d124859caec3,-14100,-11940,0.4174,0,0,0.4174,0.4104772322,0.006922767804,0.4174
0xd7ff5e73f7697917b592f7db41e8a3eae3fb3b4c,-69060,0,1,-0.000404,0.000404,0.999596,0.9830172482,0.01657875181,0.999596
0xd8abbb00661c9db59f22eeda7950d4cbb3eedb57,-69060,0,5010.00058,207.001482,0,5010.00058,4926.907454,290.0946078,5217.002062
0xd8b00122b6cc0d44fb3198fb675635272d516b7f,-69060,0,5012.000776,-207.872182,207.872182,4804.128594,4724.449948,79.6786458,4804.128594
0xd925cbbc53f8d70a05eba2f7abf4eb35d95f5180,-13860,-10980,0.190848,-0.652652,0.190848,0,0,0,0
0xd925cbbc53f8d70a05eba2f7abf4eb35d95f5180,-34680,-17940,9.521183,-84.455374,9.521183,0,0,0,0
0xd925cbbc53f8d70a05eba2f7abf4eb35d95f5180,-69060,0,0.671203,-0.00802,0.00802,0.663183,0.65218381,0.01099919004,0.663183
0xd9fa80eed8634e57a8fa4b781fcbb3faeda39849,-12540,-9060,13.793324,-11.994156,11.994156,1.799168,1.769327985,0.0298400151,1.799168
0xd9fa80eed8634e57a8fa4b781fcbb3faeda39849,-69060,0,3.011415,273.401743,0,3.011415,2.96146932,273.4516887,276.413158
0xda830d2d83a57cea255bcfd0cf89c3e94abde0fd,-69060,0,4.186019,0.004421,0,4.186019,4.116591981,0.07384801859,4.19044
0xdb091ef1f66db55787d02bb78c8e88293ea36651,-21960,-20820,0.010087,-0.024803,0.010087,0,0,0,0
0xdb091ef1f66db55787d02bb78c8e88293ea36651,-69060,0,4.88572,-240.418239,4.88572,0,0,0,0
0xe15ebb6573496fd6860f7194285375fb94c9a7c2,-69060,0,23.288287,-97.109103,23.288287,0,0,0,0
0xe3e5c5e3dce459f80abafbfdcb3d0788ad5b767c,-69060,0,12.374079,-13.751198,12.374079,0,0,0,0
0xe451dc0948f33b1261c585f0db84cca9ab69f3a4,-15060,-9180,22.881716,-66.633497,22.881716,0,0,0,0
0xe451dc0948f33b1261c585f0db84cca9ab69f3a4,-69060,0,1005.000444,-43.027528,43.027528,961.972916,946.0181601,15.95475594,961.972916
0xe77a8fb60de5f73c610997976e619e4d51d09c98,-10980,-6960,2.8285,0,0,2.8285,2.781588048,0.04691195193,2.8285
0xe8945823d13dfcfb5577ffa006bf78682dd8fc2a,-16080,-5880,1009.238368,-47.361959,47.361959,961.876409,945.9232537,15.95315533,961.876409
0xe9e20bd38bfc5df4bdb1846e16c36e23afd0c347,-17040,-12780,8.200267,-49.422981,8.200267,0,0,0,0
0xe9e20bd38bfc5df4bdb1846e16c36e23afd0c347,-23040,-10980,13.723056,-175.438259,13.723056,0,0,0,0
0xe9e20bd38bfc5df4bdb1846e16c36e23afd0c347,-69060,0,1090.003006,-468.509088,468.509088,621.493918,611.1861602,10.30775775,621.493918
0xebe01d1898b97644cacc9cf7913291515a5ae968,-10980,-6960,1,0,0,1,0.9834145477,0.01658545233,1
0xebf32197cfc1fcd07cb32e6fc413390ba4647f0d,-69060,0,0.000234,-0.000453,0.000234,0,0,0,0
0xecd02810db92ff027ea1b0850d46bda963676d74,-13620,-12240,89.699306,-258.434526,89.699306,0,0,0,0
0xecd02810db92ff027ea1b0850d46bda963676d74,-69060,0,0,0,0,0,0,0,0
0xecd11d4a67c0978fe6821db405e9d5214d9996c4,-15480,-5880,1105.885687,-123.102742,123.102742,982.782945,966.4830453,16.29989969,982.782945
0xed33841f128347c1106c5c215e89532b02e160d5,-16080,-10980,0.100015,-0.000282,0.000282,0.099733,0.09807888308,0.001654116918,0.099733
0xed33841f128347c1106c5c215e89532b02e160d5,-17940,-6960,1.123109,-0.514575,0.514575,0.608534,0.5984411883,0.01009281165,0.608534
0xed33841f128347c1106c5c215e89532b02e160d5,-69060,0,3.820002,1.94578,0,3.820002,3.756645539,2.009136461,5.765782
0xee119ab8ca22f2b9b3e7f508739f3ae68c838a94,-10980,-6960,0.233664,0,0,0.233664,0.2297885769,0.003875423134,0.233664
0xee119ab8ca22f2b9b3e7f508739f3ae68c838a94,-69060,0,0.001257,0.000362,0,0.001257,0.001236152086,0.0003828479136,0.001619
0xeecf1183fb1491103ffeac169b7d56daa8a07098,-14100,-11940,0.100554,-0.012842,0.012842,0.087712,0.0862572568,0.001454743195,0.087712
0xeecf1183fb1491103ffeac169b7d56daa8a07098,-16080,-13860,0.317189,-1.007122,0.317189,0,0,0,0
0xeecf1183fb1491103ffeac169b7d56daa8a07098,-69060,0,0,0,0,0,0,0,0
0xef25f5126b1fb9bb7ee287ac9f5b2d93bbe9fa88,-69060,0,0.001257,0.002349,0,0.001257,0.001236152086,0.002369847914,0.003606
0xefbc53e0afdc9f649bc1ab692461df57e70a560f,-23040,0,0.5423,0,0,0.5423,0.5333057092,0.008994290801,0.5423
0xefbc53e0afdc9f649bc1ab692461df57e70a560f,-69060,0,1.022629,0.068319,0,1.022629,1.005668235,0.08527976453,1.090948
0xefcbfd73d67f92b37713e7eb9284e813b8f0e49a,-10980,-1800,0.1,0,0,0.1,0.09834145477,0.001658545233,0.1
0xefcbfd73d67f92b37713e7eb9284e813b8f0e49a,-16080,-3360,0.916325,-0.27685,0.27685,0.639475,0.6288690179,0.01060598213,0.639475
0xf1012d4592348bc99574b037793ad5eeb7b46395,-44640,0,5.06502,-43.382009,5.06502,0,0,0,0
0xf115a3c46a71b36b9039122c5c454c26e84f2325,-10980,-6960,2.8299,0,0,2.8299,2.782964828,0.04693517156,2.8299
0xf166e7480b50c743bbcf3658b44d338313f3105b,-16080,0,0.700958,0,0,0.700958,0.6893322945,0.0116257055,0.700958
0xf166e7480b50c743bbcf3658b44d338313f3105b,-69060,0,1.170249,4.166626,0,1.170249,1.150839891,4.186035109,5.336875
0xf1ec0d94ed815b702bb177b561ce4d7362ed3383,-69060,0,100.000034,18.788943,0,100.000034,98.3414882,20.4474888,118.788977
0xf26cc9a801342c743e6147424349bbbfe3e7f6a6,-14340,-9180,0,0,0,0,0,0,0
0xf31b066cb8362cbf8e70062cdb9a6bfd32fecece,-13860,-12540,1001.502908,-228.60699,228.60699,772.895918,760.0770896,12.81882841,772.895918
0xf31b066cb8362cbf8e70062cdb9a6bfd32fecece,-69060,0,1000.001142,407.41602,0,1000.001142,983.4156707,424.0014913,1407.417162
0xf42c2b956bcab51abb6555f5a06ee582e4581c71,-11640,-10980,0.01,0,0,0.01,0.009834145477,0.0001658545233,0.01
0xf42c2b956bcab51abb6555f5a06ee582e4581c71,-69060,0,0.001631,-0.000779,0.000779,0.000852,0.0008378691946,1.41E-05,0.000852
0xf5dc303a0517bb65170e1f2313af46915582b52d,-10980,-6960,1,0,0,1,0.9834145477,0.01658545233,1
0xf5dc303a0517bb65170e1f2313af46915582b52d,-69060,0,1.000012,0.463131,0,1.000012,0.9834263486,0.4797166514,1.463143
0xf71b335a1d9449c381d867f4172fc1bb3d2bfb7b,-16080,-10980,9184.72175,-2728.578913,2728.578913,6456.142837,6349.064788,107.0780493,6456.142837
0xf88e253ed38452346ae5bf2d9363d6e15ca17a46,-12540,-12420,0.100001,0,0,0.100001,0.09834243818,0.001658561819,0.100001
0xf88e253ed38452346ae5bf2d9363d6e15ca17a46,-69060,0,0.000973,0.000342,0,0.000973,0.0009568623549,0.0003581376451,0.001315
0xf9107317b0ff77ed5b7adea15e50514a3564002b,-69060,0,400.000002,-2.030989,2.030989,397.969013,391.3685169,6.600496096,397.969013
0xf9be154c91bbfc898b1e683aca683973d7c525ef,-69060,0,504,-0.001629,0.001629,503.998371,495.63933,8.359040959,503.998371
0xfb40932271fc9db9dbf048e80697e2da4aa57250,-69060,0,0,0,0,0,0,0,0
0xfbf5891e54cd745b52fb33893fb74fd90accf745,-69060,0,0,0,0,0,0,0,0
0xfc258b128dd2839666530eb0611b5c00735a5aaa,-23040,0,0.0838,0,0,0.0838,0.08241013909,0.001389860906,0.0838
0xfc258b128dd2839666530eb0611b5c00735a5aaa,-69060,0,0.022027,-0.004121,0.004121,0.017906,0.01760902089,0.0002969791095,0.017906
0xfecba612222b07b3a186b70096ff88d7891b8abe,-23040,0,0.0048,0,0,0.0048,0.004720389829,7.96E-05,0.0048
0xfeea4cd7a96dcffbdc6d2e6c814eb4544ab62667,-13860,-10980,1471.875542,-185.194882,185.194882,1286.68066,1265.340479,21.34018076,1286.68066
0xfeea4cd7a96dcffbdc6d2e6c814eb4544ab62667,-69060,0,5100.03653,-811.798947,811.798947,4288.237583,4217.115223,71.12236003,4288.237583