owner,tickLower,tickUpper,Withdrawable amount,amount
0x005ae102dd1ab7b2c56276ebbe32e6db43143f81,-69060,0,0.03479374682,34793746822509200
0x0065981684b5e02f95283b8ce1916b8981206a3d,-76020,0,0.000005837106403,5837106402673
0x0065981684b5e02f95283b8ce1916b8981206a3d,-69060,0,0,0
0x0065981684b5e02f95283b8ce1916b8981206a3d,-6960,0,0,0
0x006970fd32059734e586a323b13fc1ce625f296b,-46080,0,0.0001265418638,126541863793466
0x008e576250f26067ae66756715d6bbdec731711e,-69060,0,0.006197576267,6197576266849230
0x00c865e2114d1c0066809f11f4aed7a8ec2d5173,-76020,0,0.000003753097879,3753097878884
0x00c865e2114d1c0066809f11f4aed7a8ec2d5173,-69060,0,0,0
0x00c865e2114d1c0066809f11f4aed7a8ec2d5173,-6960,0,0,0
0x0149ca45bb12c60796660a5143717f84777c59d0,-10980,-6960,0.000001,1000000000000
0x01a8867091917b01b2726527d12bf6e590269c2f,-69060,0,0,0
0x01c6832dbb2931c4073de5aebc06d1f4fb632b74,-69060,0,0.0000009920554874,992055487382
0x020a4b2be4db2d5287a160bc89420e3fe4051fdc,-24840,0,0.001890293817,1890293817298460
0x028a1978c2be2bed845e637df20530dcff05b8de,-23040,0,0.0005,500000000000000
0x0382faafa6d3920af755fd66db933530cddf4b65,-26040,-20160,0.00003796345707,37963457074302
0x03c8ff631d09f25bd0ef19c2c97a70e9540e4399,-23040,0,0.00032,320000000000000
0x05092960e7517d70593838cfd5ec0685e46cef8b,-48180,-43320,0.000006004123006,6004123006420
0x059aa505f8534c2a49e52a5a57d41e6c9ee6d2bd,-10980,-6960,0.000001,1000000000000
0x06a7f3e459b6a452c579929eb6b83729b5a5ff15,-23040,0,0.007,7000000000000000
0x06aa5e77cf3bec21129ddbf29b531ed742a4109c,-69060,0,0,0
0x06e26ac874124d59e3c32451a4cab91c48d6b32a,-50100,0,0.002698271497,2698271497151660
0x06e26ac874124d59e3c32451a4cab91c48d6b32a,-27060,0,0,0
0x06e26ac874124d59e3c32451a4cab91c48d6b32a,-23040,0,0,0
0x06f720091c6040d51ac18fa3c142ba88afcae458,-93900,0,0.00010443302,104433019957979
0x06f720091c6040d51ac18fa3c142ba88afcae458,-69060,0,0,0
0x06f720091c6040d51ac18fa3c142ba88afcae458,-24840,0,0,0
0x070cb42f348558bcf4a2acf937f1893962cfbc56,-23040,0,0.001278385841,1278385840629150
0x0753b67b47c5f64680e003c6b79dbea8fb48c244,-105960,-34020,0.0001345850139,134585013870658
0x0753b67b47c5f64680e003c6b79dbea8fb48c244,-69060,0,0,0
0x0753b67b47c5f64680e003c6b79dbea8fb48c244,-36900,-34020,0,0
0x075ebaf083b350e7aa9acc46cec2c851bdaaeb05,-48600,-42600,0.000007004958812,7004958811987
0x07c46fb172c19b4ea1a142b6fd81bd323db9208e,-23040,0,0.0007,700000000000000
0x095b82ff43e0c7e6c916cca428247fa0647e564c,-69060,0,0,0
0x0960da039bb8151cacfef620476e8baf34bd9565,-69060,0,307.6425698,307642569768957000000
0x0a5c7480c4e44ff77a4cc92f52a1db5085f08741,-69060,0,0,0
0x0b317f16123d9a0951640946315fc43e1fe0d661,-29940,69060,0.01264293728,12642937284203800
0x0b76e63a40e99ba9f8327d83761cb409d3d7a3cd,-69060,0,0,0
0x0bce7314542a71ca771ab2e2da9b59f6205e2c15,-76020,0,0.000006252261928,6252261927520
0x0bce7314542a71ca771ab2e2da9b59f6205e2c15,-69060,0,0,0
0x0bce7314542a71ca771ab2e2da9b59f6205e2c15,-6960,0,0,0
0x0c62378e1eab27786da0f800e49dec1197efccaf,-32220,-23040,0.0003544593506,354459350564916
0x0c9f37f77bea2c6e6f15c1a8c4d7316a3ee7408b,-69060,0,0,0
0x0d21d993188c6dfadd23368a5bc5e4199a2f3ba8,-93900,0,0.000005483963588,5483963587934
0x0d21d993188c6dfadd23368a5bc5e4199a2f3ba8,-69060,0,0,0
0x0d21d993188c6dfadd23368a5bc5e4199a2f3ba8,-24840,0,0,0
0x0d8be953d7b8143738b8d377ea9a0b82d421f151,-13860,0,0.0001,100000000000000
0x0d9032a97a6c35aa2f7eaec1e4d25b7551c650be,-93060,0,0,0
0x0d9032a97a6c35aa2f7eaec1e4d25b7551c650be,-69060,0,0,0
0x0d9032a97a6c35aa2f7eaec1e4d25b7551c650be,-24000,0,0,0
0x0f60991d8b2dd73c75b1a86b4fea80d5d5adb929,-39120,-35580,0.00003951407088,39514070881570
0x1146effca0ea571d3a43077101d505a28f2a94cf,-29940,69060,0.01264293728,12642937284203800
0x1252ce90ad6a743ce9dddf41cb99d6319750d769,-69060,0,0.000005542032899,5542032899060
0x12641ae0e159c560a6d6731feac64cc494e1d140,-76020,0,0.000003907178908,3907178907673
0x12641ae0e159c560a6d6731feac64cc494e1d140,-69060,0,0,0
0x12641ae0e159c560a6d6731feac64cc494e1d140,-6960,0,0,0
0x12dc0085ca4a1e3497c042605ceedbdd93936346,-69060,0,0,0
0x12fa2210e5a3b0f2fbf504cd14c9454fc828aaf0,-10980,-6960,0.000001,1000000000000
0x1327b3c8eb78e34596b0179071a5692ded968468,-23040,0,0.001134364123,1134364122608090
0x1389b827cdae6deaf74e157df7675770d9b4f34c,-23220,0,0.00291,2910000000000000
0x1514dd4353760f8c3002aee4daf9c9fd98452565,-48060,-43560,0.000004002710638,4002710638383
0x1535b83a004b30e3df0ab25b041cc14e5fad2d60,-133560,-45000,4.63358218,4633582180214790000
0x1535b83a004b30e3df0ab25b041cc14e5fad2d60,-69060,0,0,0
0x1535b83a004b30e3df0ab25b041cc14e5fad2d60,-35580,-28920,0,0
0x1535b83a004b30e3df0ab25b041cc14e5fad2d60,-28920,-16080,0,0
0x15e38dc18e1dccd9fc060640eee579118b71bdb1,-23040,23040,0.00001,10000000000000
0x19cee40ad790446bfcf2736e0e73a17110ec78e5,-69060,0,1.102866989,1102866989158860000
0x1aab5ad27515409cf96f8ee10c41e2fd8f0365dd,-69060,0,7.200502765,7200502764517450000
0x1ac0dbef5e3edc8b24be3663f3632457d5044c47,-69060,0,7.077209691,7077209690944630000
0x1ae3f4e14f5885293451b33cbc964c6dcfdafde9,-27060,0,0.001039668784,1039668784285690
0x1b0f7b456d70ddfba1b3007023405f309518c5ad,-10980,-6960,0.000001,1000000000000
0x1bc7c96dfe940422591d01b1799835872fa9e348,-76020,0,0.000005974867737,5974867736782
0x1bc7c96dfe940422591d01b1799835872fa9e348,-69060,0,0,0
0x1bc7c96dfe940422591d01b1799835872fa9e348,-6960,0,0,0
0x1c07496e046cfb49ed6d014d9f9e87dde62ccc71,-93060,0,0.000001059568976,1059568975900
0x1c07496e046cfb49ed6d014d9f9e87dde62ccc71,-69060,0,0,0
0x1c07496e046cfb49ed6d014d9f9e87dde62ccc71,-24000,0,0,0
0x1d44e5757175da337e15de275aec9483a484bfa2,-92100,23040,0.001145461362,1145461362382250
0x1d44e5757175da337e15de275aec9483a484bfa2,-69060,0,0,0
0x1d44e5757175da337e15de275aec9483a484bfa2,-23040,23040,0,0
0x1d9c7ff53542c5576e78a640439691cd6c01b119,-10980,-6960,0.00001,10000000000000
0x1df2535cf0956abec21c4738534885d3849d6578,-69060,0,0,0
0x1e0417f8002409c646c1cf337db9f0f9b88c3b5e,-1289460,-1208100,0,0
0x1e0417f8002409c646c1cf337db9f0f9b88c3b5e,-69060,0,0,0
0x1e0417f8002409c646c1cf337db9f0f9b88c3b5e,-40080,-39540,0,0
0x1e0417f8002409c646c1cf337db9f0f9b88c3b5e,-39720,-39300,0,0
0x1e0417f8002409c646c1cf337db9f0f9b88c3b5e,-39300,-38940,0,0
0x1e0417f8002409c646c1cf337db9f0f9b88c3b5e,-38700,-38280,0,0
0x1e0417f8002409c646c1cf337db9f0f9b88c3b5e,-38700,-38040,0,0
0x1e0417f8002409c646c1cf337db9f0f9b88c3b5e,-38280,-36900,0,0
0x1e0417f8002409c646c1cf337db9f0f9b88c3b5e,-38040,-36900,0,0
0x1e0417f8002409c646c1cf337db9f0f9b88c3b5e,-35580,-34020,0,0
0x1e0417f8002409c646c1cf337db9f0f9b88c3b5e,-34020,-32580,0,0
0x1e0417f8002409c646c1cf337db9f0f9b88c3b5e,-32580,-32280,0,0
0x1e0417f8002409c646c1cf337db9f0f9b88c3b5e,-32220,-31380,0,0
0x1e0417f8002409c646c1cf337db9f0f9b88c3b5e,-32040,-31920,0,0
0x1e0417f8002409c646c1cf337db9f0f9b88c3b5e,-31740,-31680,0,0
0x1e0417f8002409c646c1cf337db9f0f9b88c3b5e,-31560,-31380,0,0
0x1e0417f8002409c646c1cf337db9f0f9b88c3b5e,-31440,-31380,0,0
0x1e0417f8002409c646c1cf337db9f0f9b88c3b5e,-31380,-30840,0,0
0x1e0417f8002409c646c1cf337db9f0f9b88c3b5e,-30900,-30660,0,0
0x1e0417f8002409c646c1cf337db9f0f9b88c3b5e,-30780,-30720,0,0
0x1e0417f8002409c646c1cf337db9f0f9b88c3b5e,-30420,-30000,0,0
0x1e0417f8002409c646c1cf337db9f0f9b88c3b5e,-30360,-30240,0,0
0x1e0417f8002409c646c1cf337db9f0f9b88c3b5e,-30300,-30240,0,0
0x1e0417f8002409c646c1cf337db9f0f9b88c3b5e,-30240,-30180,0,0
0x1e0417f8002409c646c1cf337db9f0f9b88c3b5e,-30180,-30120,0,0
0x1e0417f8002409c646c1cf337db9f0f9b88c3b5e,-30180,-30000,0,0
0x1e0417f8002409c646c1cf337db9f0f9b88c3b5e,-29940,-29880,0,0
0x1e0417f8002409c646c1cf337db9f0f9b88c3b5e,-29880,-29820,0,0
0x1e0417f8002409c646c1cf337db9f0f9b88c3b5e,-29820,-29700,0,0
0x1e0417f8002409c646c1cf337db9f0f9b88c3b5e,-29640,-29580,0,0
0x1e0417f8002409c646c1cf337db9f0f9b88c3b5e,-29580,-29520,0,0
0x1e0417f8002409c646c1cf337db9f0f9b88c3b5e,-29400,-29340,0,0
0x1e0417f8002409c646c1cf337db9f0f9b88c3b5e,-29340,-29280,0,0
0x1e0417f8002409c646c1cf337db9f0f9b88c3b5e,-29280,-29220,0,0
0x1e0417f8002409c646c1cf337db9f0f9b88c3b5e,-29280,-29160,0,0
0x1e0417f8002409c646c1cf337db9f0f9b88c3b5e,-29220,-29160,0,0
0x1e0417f8002409c646c1cf337db9f0f9b88c3b5e,-29220,-29100,0,0
0x1e0417f8002409c646c1cf337db9f0f9b88c3b5e,-29160,-29100,0,0
0x1e0417f8002409c646c1cf337db9f0f9b88c3b5e,-28980,-28920,0,0
0x1e0417f8002409c646c1cf337db9f0f9b88c3b5e,-28920,-28800,0,0
0x1f2f89d5baefbea6c6bed7d6ba3f7f86acfc939c,-69060,0,0.0000003552143188,355214318820
0x1f4c3b0526799592f55f1cab8d9f98ca9e6b4aef,-91020,-19440,0.0007184422613,718442261293574
0x1f4c3b0526799592f55f1cab8d9f98ca9e6b4aef,-69060,0,0,0
0x1f4c3b0526799592f55f1cab8d9f98ca9e6b4aef,-21960,-19440,0,0
0x1f83f19dda18c6efbfd49baebdbaf8314b4efcd4,-69060,0,1.213100357,1213100357166680000
0x1f8b0c990ae947d47703f784d66317ac2e24ca98,16080,23040,0.0001,100000000000000
0x21fad9bd053a5f3f5e33e1238303874e7284f143,-32220,-10980,0.000001001577306,1001577306298
0x225ffc9887f18831cfbaeeb42f216ab9590c303b,-76020,0,0.00001087985157,10879851574031
0x225ffc9887f18831cfbaeeb42f216ab9590c303b,-69060,0,0,0
0x225ffc9887f18831cfbaeeb42f216ab9590c303b,-6960,0,0,0
0x230695f1fadc1413fbd66d31b8c200c60d85268b,-76020,0,0.000004078378173,4078378172665
0x230695f1fadc1413fbd66d31b8c200c60d85268b,-69060,0,0,0
0x230695f1fadc1413fbd66d31b8c200c60d85268b,-6960,0,0,0
0x2309fcccf962a358e7b4e2de43662a846bb64067,-69060,0,0,0
0x23d405a64914cef0e44a812ca10669d37c568aca,-10980,-6960,0.000001,1000000000000
0x24621aa4dde07f04c57146d83468969010b7489e,-92580,-21060,0.000987013934,987013933981696
0x24621aa4dde07f04c57146d83468969010b7489e,-69060,0,0,0
0x24621aa4dde07f04c57146d83468969010b7489e,-23520,-21060,0,0
0x247b0021acf9fe9ddf5edf1fcfc82482536a5dad,-29940,-21960,0.00001994772798,19947727981096
0x26fdc242eccc144971e558ff458a4ec21b75d4e8,-92580,-20160,0.0008163758608,816375860758207
0x26fdc242eccc144971e558ff458a4ec21b75d4e8,-69060,0,0,0
0x26fdc242eccc144971e558ff458a4ec21b75d4e8,-23520,-20160,0,0
0x28f4e906bccb590ea44238a6755759583c51dfcf,-93900,0,0.0001034278494,103427849369840
0x28f4e906bccb590ea44238a6755759583c51dfcf,-69060,0,0,0
0x28f4e906bccb590ea44238a6755759583c51dfcf,-24840,0,0,0
0x29d0f83328a5c258cb4ece8c8965ddcec53f15c0,-76020,0,0.000004257189009,4257189009282
0x29d0f83328a5c258cb4ece8c8965ddcec53f15c0,-69060,0,0,0
0x29d0f83328a5c258cb4ece8c8965ddcec53f15c0,-6960,0,0,0
0x29d97ea59e27c9552fe99726c61327e0dbbbe0c8,-26400,-20820,0.002,2000000000000000
0x2ac43f1b20e54b182d075d801e1c350c420686d1,-29940,69060,0.01264394742,12643947422949500
0x2b3f3b921698990de5886fffc77d5bd6f670e960,-29940,69060,0.01264293728,12642937284203800
0x2b4b249a60cbcd575bffbee34be05c4dbae1e2bb,-69060,0,0.0000007819784979,781978497938
0x2d0f5b5f8bedf9a6fb6818f4ba3cde3099682ae3,-76020,0,0.000002827301881,2827301881304
0x2d0f5b5f8bedf9a6fb6818f4ba3cde3099682ae3,-69060,0,0,0
0x2d0f5b5f8bedf9a6fb6818f4ba3cde3099682ae3,-6960,0,0,0
0x2dc4107042f414eb431b69e0318d5763dee12f6d,-23040,23040,0.0001,100000000000000
0x2e82e1fcbb03b7df282a3228ab33d1946cd484a5,-69060,0,0.6285455101,628545510130594000
0x2ecaedb100f68781f8d14f7ec4320e1b610dbdff,-69060,0,0.02918763525,29187635254103400
0x2f2e822d0d47a0dfcf5d39e612fbff247351f054,-69060,0,0,0
0x30e73466703e0966a8fc0de72e6674eba6946868,-69060,0,0,0
0x310983148bea9596b41c78203a89bbd1f4807e01,-23040,0,0.00987455521,9874555210149200
0x3385b53a18d7af6087cbe41781418311281633e7,-69060,0,0.000000582438007,582438006988
0x338e76d66ef221c46ab95a703b52b270c747d200,-69060,0,0.4483155884,448315588377958000
0x352035c59a29404ac1195393d98d5170ca97a47a,-50100,0,0.002603862937,2603862936782690
0x352035c59a29404ac1195393d98d5170ca97a47a,-27060,0,0,0
0x352035c59a29404ac1195393d98d5170ca97a47a,-23040,0,0,0
0x36374ee7a7ec2a9ca99df05e310fd707f4c0a675,-76020,0,0.000005188244205,5188244205158
0x36374ee7a7ec2a9ca99df05e310fd707f4c0a675,-69060,0,0,0
0x36374ee7a7ec2a9ca99df05e310fd707f4c0a675,-6960,0,0,0
0x36d750806119b92ca6bdb0ef95b4952f635d5087,-23040,0,0.0006,600000000000000
0x38c65b606aa1c0886bc1d16cfc400ae218b38d15,-69060,0,2.772299279,2772299279404540000
0x391506fec7848dd2c92a1c0ba6f2077d4f18511c,-23040,0,0.0007,700000000000000
0x3a5f303a17d2b182b8fa41005a3c878b43325ea9,-69060,0,0.0000003945746052,394574605230
0x3aa01862ba41b63bb6a4dd0cd4cb488fdfbb511c,-10980,-6960,0.00001,10000000000000
0x3b7a40b70d97a9b508b2e4f6b27656519e14a3ab,-23040,0,0.00175,1750000000000000
0x3b8c3d713b662477bcac27f7aa483fd2577e44c4,-6960,0,0.010704,10704000000000000
0x3c8a541682c74fbb9baa778055102411efac9481,-23040,0,0.005471824913,5471824913065390
0x3cb79687fdf814d917545c679c5e25dc5cedc744,-162480,-161760,0.507477951,507477950997424000
0x3cb79687fdf814d917545c679c5e25dc5cedc744,-43920,-43800,0,0
0x3cb79687fdf814d917545c679c5e25dc5cedc744,-39720,-39540,0,0
0x3cb79687fdf814d917545c679c5e25dc5cedc744,-39540,-39300,0,0
0x3cb79687fdf814d917545c679c5e25dc5cedc744,-39300,-39120,0,0
0x3dc3497c04148436c2201fbae92bbed16749e4bb,-69060,0,0.0000001590387348,159038734837
0x3dd6a6eded02f9dd4ff0f62b15caed949681d00e,-47940,-43680,0.000008005374137,8005374137047
0x3dd81863779991d88d7f186d41b8bea1a569553d,-69060,0,1.215748613,1215748612862050000
0x3e45ba5fd460cff06b6da9efd6dc9eebbf55ccc9,-138480,-53160,0,0
0x3e45ba5fd460cff06b6da9efd6dc9eebbf55ccc9,-69060,0,0,0
0x3e45ba5fd460cff06b6da9efd6dc9eebbf55ccc9,-35400,-26760,0,0
0x3e45ba5fd460cff06b6da9efd6dc9eebbf55ccc9,-34020,-26400,0,0
0x3fe251fa14cce0164c028b62fe4713717f1354b1,-93900,0,0.00001445768845,14457688450955
0x3fe251fa14cce0164c028b62fe4713717f1354b1,-69060,0,0,0
0x3fe251fa14cce0164c028b62fe4713717f1354b1,-24840,0,0,0
0x4059c785dd86a0afc92af9f2d50e1709961c2d39,-13860,-6960,0.053764,53764000000000000
0x40b956472146c250f6f0765afc23e0e21d046ffa,-69060,0,0,0
0x411ef8fe0dc0a5906760611bc41367b97a8b3983,-10980,-6960,0.00001,10000000000000
0x419d98bf9e8e8a30f0e8eb6646af4399888b70ef,-21960,0,0.002,2000000000000000
0x4259ccbdd13541f18b8882f329858cd107255988,-23040,0,0.0006,600000000000000
0x43e28d0279b64ec19c13f098de8d0d14b082c33b,-69060,0,2.189951178,2189951178067970000
0x443eb57b84ba0263bcecc484617fc698f69b99d0,-105960,-34980,0.001052740382,1052740381547540
0x443eb57b84ba0263bcecc484617fc698f69b99d0,-69060,0,0,0
0x443eb57b84ba0263bcecc484617fc698f69b99d0,-36900,-34980,0,0
0x4476a9517a296f1651e693d4e2d0f8aa01c0abda,-69060,0,0,0
0x453c7acfaf75db2058829c85dec4fb5fa1b6e460,-69060,0,0,0
0x4594ac8ccb24ced0ac019edc7a2cf29716221ce2,-76020,0,0.000005824599111,5824599110596
0x4594ac8ccb24ced0ac019edc7a2cf29716221ce2,-69060,0,0,0
0x4594ac8ccb24ced0ac019edc7a2cf29716221ce2,-6960,0,0,0
0x45c70db6a712af7427473a96ee17b44a283bdd62,-10980,-6960,0.00001,10000000000000
0x46031cb4163d71c4ed51056bba7146689e2b9aef,-23040,0,0.001134591207,1134591207114490
0x46a84bc3c1cfb5c77916f059e28d41de928f24d0,-69060,0,0,0
0x47164bba691f0a82b78b9f0ad5f2cba2c1e0d475,-10980,-6960,0.0001,100000000000000
0x4720f4c8af4a8d95afca45f9f2377eff6ba875ca,-29940,0,0.0001595843971,159584397088350
0x478c22ab7779268b81ea19c08058ad17417599d3,-69060,0,3.299318535,3299318534854120000
0x48a0096b26fe285138b294afe0eb1dd705071dca,-118500,-42480,0.0001733041518,173304151830750
0x48a0096b26fe285138b294afe0eb1dd705071dca,-69060,0,0,0
0x48a0096b26fe285138b294afe0eb1dd705071dca,-49440,-42480,0,0
0x49d9148dad38afb5a6999c03284f9275b1e36735,-69060,0,0,0
0x4a156fc090a1e815165a014f8380591f1b7953dc,-16080,0,0.001,1000000000000000
0x4a26dced4e79781de06a51f4c7e6e0f0a92fce5d,-10980,-6960,0.000001,1000000000000
0x4a60a526c642ce63cf3af8ff68b3f5f222611fbe,-69060,0,0,0
0x4a9d309cd1217d267631ed97d2e0b07240b527ed,-103080,-27060,0,0
0x4a9d309cd1217d267631ed97d2e0b07240b527ed,-69060,0,0,0
0x4a9d309cd1217d267631ed97d2e0b07240b527ed,-34020,-27060,0,0
0x4b41aaca6ba3f29c48b3a2313687b24e77467d9e,-69060,0,0.000000462459398,462459398048
0x4bbc9d010bc90b21464612b65929d04ad93b1ddf,-69060,0,0,0
0x4bd7a14ce0d35e01d04160d8f4da0ee14bea7d90,-76020,0,0.000006284662366,6284662366141
0x4bd7a14ce0d35e01d04160d8f4da0ee14bea7d90,-69060,0,0,0
0x4bd7a14ce0d35e01d04160d8f4da0ee14bea7d90,-6960,0,0,0
0x4c6f62d13ec8861f7aa1d9a9ddd3c944d42cedaa,-10980,-6960,0.000001,1000000000000
0x4cb75146e98562c9d79b31649c6c739e4dcb7cd5,-115020,23040,0.001589091968,1589091967991140
0x4cb75146e98562c9d79b31649c6c739e4dcb7cd5,-69060,0,0,0
0x4cb75146e98562c9d79b31649c6c739e4dcb7cd5,-45960,23040,0,0
0x4d2192720344a77068af56058466967ab801544d,-69060,0,0,0
0x4d51a39b4b74502cc5016e15e9106327936e3c5c,-180300,-62580,0,0
0x4d51a39b4b74502cc5016e15e9106327936e3c5c,-69060,0,0,0
0x4d51a39b4b74502cc5016e15e9106327936e3c5c,-45000,-29940,0,0
0x4d51a39b4b74502cc5016e15e9106327936e3c5c,-34020,-25680,0,0
0x4d51a39b4b74502cc5016e15e9106327936e3c5c,-32220,-6960,0,0
0x4e6b8b4a8c021570f81dc51c31da13d857afbd7b,-6960,0,0.009,9000000000000000
0x4e9868bfc9daad7df9e765b437e242fe9ecb9d85,-10980,-6960,0.0001,100000000000000
0x4f2fc9e8464161f0b7ee6c7357f4b789dbd2169e,-76020,0,0.000003427562084,3427562083534
0x4f2fc9e8464161f0b7ee6c7357f4b789dbd2169e,-69060,0,0,0
0x4f2fc9e8464161f0b7ee6c7357f4b789dbd2169e,-6960,0,0,0
0x4f75ba286857f3721e30be5f0d4988acf9ee68ba,-69060,0,0.0000002966264264,296626426400
0x4fecce1be339db44a4fd36f2fef18c6401ac2f8b,-21960,-19860,0.001,1000000000000000
0x5021a4ea6b544214ae6ed0e344f89255d85ba627,-92100,-21960,0,0
0x5021a4ea6b544214ae6ed0e344f89255d85ba627,-69060,0,0,0
0x5021a4ea6b544214ae6ed0e344f89255d85ba627,-23040,-21960,0,0
0x507db42e7274db9b41aaecd57aa14c33d49e001d,-24000,0,0.00044,440000000000000
0x508b5bab9fa2bc3ebb6238e762b52016d10c6a7f,-23040,0,0.00128,1280000000000000
0x50d0969affc14f9ec892f5395ffd56e015c8103c,-92100,0,0.001457623669,1457623669198650
0x50d0969affc14f9ec892f5395ffd56e015c8103c,-69060,0,0,0
0x50d0969affc14f9ec892f5395ffd56e015c8103c,-23040,0,0,0
0x511fc663d191b80b0d8bdab0a296b869fba6e362,-69060,0,0,0
0x52389c41efe5b2146e6d8863cd2f08f9347f1d60,-92100,0,0.0001121123507,112112350656654
0x52389c41efe5b2146e6d8863cd2f08f9347f1d60,-69060,0,0,0
0x52389c41efe5b2146e6d8863cd2f08f9347f1d60,-23040,0,0,0
0x52f13f32be3b8b0e0fd94c5a13a12d287b1f3bb4,-69060,0,0,0
0x53824f9d0425d479adc1a3f4a4fea8de062713a9,-10980,-6960,0.000089,89000000000000
0x5423a8e62aeb6303ed9b46a79dd751d813d83f67,-32220,-16080,0.003054805617,3054805616753530
0x552ba1aa9782d55eae27ea285a8795cbe81081d1,-69060,0,0,0
0x558e55c826117216bb4bfd4229e7da960c51d117,-69060,0,0,0
0x560bc68d73ec2d0c25eb9a655ef915d9979f5e42,-93900,0,0.00000215807525,2158075249689
0x560bc68d73ec2d0c25eb9a655ef915d9979f5e42,-69060,0,0,0
0x560bc68d73ec2d0c25eb9a655ef915d9979f5e42,-24840,0,0,0
0x57c77a279efe56b51185ae14c4e43e79a7b0db50,-69060,0,14.20738109,14207381089198700000
0x584cac684a032cbe0902ffe9e6302ab47a1cea1d,-32220,-20820,0.001138760431,1138760430864820
0x591e8baae9b27dbb2e27177e1c99cdf89f752be4,-69060,0,0,0
0x5943b60579e14816ee860673f5c1a6111bccfdf1,-76020,0,0.000003075052088,3075052088488
0x5943b60579e14816ee860673f5c1a6111bccfdf1,-69060,0,0,0
0x5943b60579e14816ee860673f5c1a6111bccfdf1,-6960,0,0,0
0x5adfa3e78ccae7e53093d42230f7677130e047fb,-76020,0,0.000001970126622,1970126622404
0x5adfa3e78ccae7e53093d42230f7677130e047fb,-69060,0,0,0
0x5adfa3e78ccae7e53093d42230f7677130e047fb,-6960,0,0,0
0x5b116630ad7a19838559b7fffbb22f4d39ca9a06,-76020,0,0.000005331995848,5331995847537
0x5b116630ad7a19838559b7fffbb22f4d39ca9a06,-69060,0,0,0
0x5b116630ad7a19838559b7fffbb22f4d39ca9a06,-6960,0,0,0
0x5b855bc0cff6af143ff74e5257addba80e8ca015,-69060,0,0,0
0x5bd4186811aaf5b639eabba70c6e8875035f9097,-29940,69060,0.01264293728,12642937284203800
0x5c30b7d823f405ba0f3863b54617b172daa4061c,-69060,0,0,0
0x5d47e5d242a8f66a6286b0a2353868875f5d6068,-69060,0,1.31974837,1319748369685470000
0x5decc24b074fea1486204a4d1584e2bc7d757854,-10980,-6960,0.000001,1000000000000
0x5f4cea6bbaf0650455b0fea471ca2a6952306108,-32940,-6960,0.000001000527008,1000527007915
0x611f8c1fd88957204fba39042ae9787061ac9ab0,-29940,69060,0.01264293728,12642937284203800
0x6128c9b046c1faf7e2f75e42691bf81c5e694143,-33300,-6960,0.000001001570512,1001570512261
0x61a939e23075efe019afdb3f223c36a48dc7dc2d,-13860,-10980,0.0495,49500000000000000
0x638c23e630fdc227010f3270d9d77ccaafdaeb1d,-69060,0,0,0
0x6417b15fb03d5e8c6f287dc26f59761a251363da,-23040,0,0.001350692541,1350692540976260
0x644db66907a36237223e3401d31f6b0e88012a71,-23040,0,0.0001398641591,139864159069514
0x64b71850a713994827892fd7aa9d89a70cca0e82,-93060,0,0.000001254454451,1254454450631
0x64b71850a713994827892fd7aa9d89a70cca0e82,-69060,0,0,0
0x64b71850a713994827892fd7aa9d89a70cca0e82,-24000,0,0,0
0x667eeb11e3adfc2f3a8e30c2787f74a2760eccfe,-234900,-104940,22.8659497,22865949703399100000
0x667eeb11e3adfc2f3a8e30c2787f74a2760eccfe,-69060,-27060,0,0
0x667eeb11e3adfc2f3a8e30c2787f74a2760eccfe,-69060,0,0,0
0x667eeb11e3adfc2f3a8e30c2787f74a2760eccfe,-52980,-43800,0,0
0x667eeb11e3adfc2f3a8e30c2787f74a2760eccfe,-21960,-17040,0,0
0x667eeb11e3adfc2f3a8e30c2787f74a2760eccfe,-21840,-17040,0,0
0x680a96fbd13817b8f3f595a238f7e6febc05aeb8,-23040,0,0.005006770912,5006770912259190
0x6a0ad0597065eb3d2c888b7fbc2a19312cef3e4c,-69060,0,0,0
0x6d98c4cc74447b2e80f2f211cab54bc51cab8a11,-95460,-24840,0,0
0x6d98c4cc74447b2e80f2f211cab54bc51cab8a11,-69060,0,0,0
0x6d98c4cc74447b2e80f2f211cab54bc51cab8a11,-26400,-24840,0,0
0x6da6dcbbd82d8b3b68da9360394157a8a8f3be67,-69060,0,0,0
0x6df87f9a66e0452806fa98f7c6c3aea4d62ab7e7,-25680,-19440,0.000028,28000000000000
0x6e2048c73dc19326e1e51c9939bd1521c432e1a2,-69060,0,0,0
0x6e732e16528c898be2cf573391992204cfafa06c,-23040,0,0.005572535241,5572535240938850
0x6f5a02c3b722002dc49c78460827b16ffa42fd33,-69060,0,0,0
0x6fb6cba30de6fe08920eb5c5e86ff571eb951335,-23040,23040,0.000001,1000000000000
0x6ff0ec5008048e18453a4b0db705c2e59974474d,-76020,0,0.000003726495328,3726495327654
0x6ff0ec5008048e18453a4b0db705c2e59974474d,-69060,0,0,0
0x6ff0ec5008048e18453a4b0db705c2e59974474d,-6960,0,0,0
0x70589ee2287740af516ab8375a45bb3f0be3c54b,-96120,-24000,0.06327988677,63279886765608000
0x70589ee2287740af516ab8375a45bb3f0be3c54b,-69060,0,0,0
0x70589ee2287740af516ab8375a45bb3f0be3c54b,-27060,-24000,0,0
0x708f741b5fa76c9f4a70355207b4f0226ce265f3,-146040,-72600,2.135825009,2135825009352750000
0x708f741b5fa76c9f4a70355207b4f0226ce265f3,-69060,0,0,0
0x708f741b5fa76c9f4a70355207b4f0226ce265f3,-29940,-28680,0,0
0x708f741b5fa76c9f4a70355207b4f0226ce265f3,-24000,-21960,0,0
0x708f741b5fa76c9f4a70355207b4f0226ce265f3,-23040,-21960,0,0
0x71c1fbf575038bfa35964b9c907816f618f51ec7,-69060,0,0.0000006810052423,681005242276
0x71eeaeb679b69d0773adb1923566c8390b10917a,-69060,0,0,0
0x73064f6c1c5dad8d917782aec16ab564feb3c011,-69060,0,0,0
0x732b1ca0a0ec71b508cdaf9cc0342622c332a760,-24840,-16080,0.00001,10000000000000
0x7347069787b93345ddcc86d64f223342c0acebb1,-69060,0,0.0000007136412789,713641278868
0x737905797c38488ae42b3c465550cea7d2de4af5,-23040,0,0.001395961973,1395961972511940
0x7379e6927ebece670cba86d31c9efb8cee11daed,-69060,0,0.000003883406201,3883406201302
0x745f579d4ff2f6eede76df09e6085a386a9016c1,-101280,-29940,0,0
0x745f579d4ff2f6eede76df09e6085a386a9016c1,-69060,0,0,0
0x745f579d4ff2f6eede76df09e6085a386a9016c1,-32220,-29940,0,0
0x7607b0a0e89120ada6ecab8dd9783ac1900aaa9c,-69060,0,0,0
0x76c5fd525fd20c95d27aa7678efa016a7cb8db6b,-69060,0,0,0
0x7782cd2d6d213c1665361f39b3fcd236b6d216ee,-93060,0,0.000005021638891,5021638890887
0x7782cd2d6d213c1665361f39b3fcd236b6d216ee,-69060,0,0,0
0x7782cd2d6d213c1665361f39b3fcd236b6d216ee,-24000,0,0,0
0x788b9d3f3cc1900cd2c7f63354b6ebd7ec0945f4,-69060,0,1.090719092,1090719091814750000
0x78e3c67a69ebc366cbb32ddab02cdb21a9472bdb,-23040,23040,0.0001,100000000000000
0x79183df82d5646d0e3e6e1f836ac83e3deec481d,-69060,0,5.720606012,5720606012006590000
0x7927a35cfc901fc2f8ad25bb44d8da7c93671f3f,-29940,69060,0.01264293728,12642937284203800
0x79be2ff926d495004b427fc3c0fa0eedbf685b8d,-69060,0,0.0000003409288175,340928817518
0x79c3eb1a5cefac951daa0d59508f67c329ab0986,-48180,-43320,0.00001000687168,10006871677369
0x7a1527ed1e8859bf3f7d985c0dd420174f4425ea,-251220,-174480,4.188326259,4188326258847600000
0x7a1527ed1e8859bf3f7d985c0dd420174f4425ea,-69060,0,0,0
0x7a1527ed1e8859bf3f7d985c0dd420174f4425ea,-31440,-30660,0,0
0x7a1527ed1e8859bf3f7d985c0dd420174f4425ea,-31260,-30240,0,0
0x7a1527ed1e8859bf3f7d985c0dd420174f4425ea,-30720,-29940,0,0
0x7a1527ed1e8859bf3f7d985c0dd420174f4425ea,-30060,-28440,0,0
0x7a1527ed1e8859bf3f7d985c0dd420174f4425ea,-29520,-27900,0,0
0x7a1527ed1e8859bf3f7d985c0dd420174f4425ea,-29160,-27300,0,0
0x7a3cda9421e8b99bc1c7978b9e1589d6f6f7f4c8,-76020,0,0.000005633367664,5633367664349
0x7a3cda9421e8b99bc1c7978b9e1589d6f6f7f4c8,-69060,0,0,0
0x7a3cda9421e8b99bc1c7978b9e1589d6f6f7f4c8,-6960,0,0,0
0x7a3dcfd355e3c8bed53943ae6f6159e4072cf93d,-16080,69060,0.00001,10000000000000
0x7b18eca094837f455aa3317ec0e6e9ffdb1c302f,-69060,0,0.0000001811226449,181122644852
0x7b5f9224564a186582cd736a6a0cf0b6ada516ae,-23040,0,0.000329,329000000000000
0x7b6942d857f43623c74e32f0e7c1b8bf37bdff83,-76020,0,0.000006970541692,6970541692169
0x7b6942d857f43623c74e32f0e7c1b8bf37bdff83,-69060,0,0,0
0x7b6942d857f43623c74e32f0e7c1b8bf37bdff83,-6960,0,0,0
0x7c8152fee6019128883c4c5744cb17cdcaf23567,-69060,0,0,0
0x7cfd371b63927bb44bb3cea7b03d53f032853d55,-69060,0,12.08635753,12086357529777900000
0x7d2c7952a998e35ad294be1ee197a2ebecbb6eac,-23040,0,0.001,1000000000000000
0x7d64a5700128080878a4d8734e511b7dc04df1ea,-10980,-6960,0.0001,100000000000000
0x7da47fdcdc193f9dfd322e4ea2f70e4c9bdc6b3d,-69060,0,0,0
0x7f39e4fd77c4213ffade9eaae15d2fa3b69dc54c,-23040,23040,0.00001,10000000000000
0x7f4cb83fd6c52f46b03ff35b74fdfa1017319c7b,-69060,0,0,0
0x7f735b29092f3c43c17eb0e68cb6faa7880de473,-47040,0,0.003401454419,3401454419177620
0x7f735b29092f3c43c17eb0e68cb6faa7880de473,-24000,0,0,0
0x7f735b29092f3c43c17eb0e68cb6faa7880de473,-23040,0,0,0
0x7fb653f2f5a3ffa425f8e9a9efdff6778217ae26,-69060,0,0,0
0x8038636c00cd9e0b0159d5d27815683358b46e60,-27060,-16080,0.001,1000000000000000
0x8111babd7e9bb10cc2d678ae643adeb37b3e136f,-69060,0,0,0
0x811b23e4ab2b4beae94db8a7ff143c417af3cd9c,-69060,0,0.04729143381,47291433808715200
0x81353f4ab1b93443a0bcbb099536edfb60dff43e,-23040,23040,0.0001,100000000000000
0x82a9634d746052d0f3d2046c5fde87ed50d6064d,-23040,0,0.0011,1100000000000000
0x8330a84d3c16a55302f921c36979b1067418053a,-92100,23040,0.3013881131,301388113082484000
0x8330a84d3c16a55302f921c36979b1067418053a,-69060,0,0,0
0x8330a84d3c16a55302f921c36979b1067418053a,-23040,23040,0,0
0x833b47857c624da90e2f294d3dbd6dc3e3306c51,-69060,0,0,0
0x84c2fa2213267163b515a046a343eeb5b99cafc7,-69060,0,8.889466207,8889466206543870000
0x8608329bc622103ed155943ff69e23382ebb7748,-99000,-27060,0.0001676143297,167614329651924
0x8608329bc622103ed155943ff69e23382ebb7748,-69060,0,0,0
0x8608329bc622103ed155943ff69e23382ebb7748,-29940,-27060,0,0
0x86cea1b42ddd8eff0bfb8a519d9d8e65ba284619,-69060,0,1.166932106,1166932105905530000
0x87209c584b2542ffaa7e1b413e834058163deeb0,-23040,0,0.0003,300000000000000
0x87839be9572ebfcdc19ff7393b6993003447f0e3,-23040,0,0.0006,600000000000000
0x88151a9d93ab281a039da986e0b351197fe25b34,-10980,-6960,0.0001,100000000000000
0x88841b3c47577afbadcd0d9de48fea9192f97744,-76020,0,0.000005178635989,5178635989275
0x88841b3c47577afbadcd0d9de48fea9192f97744,-69060,0,0,0
0x88841b3c47577afbadcd0d9de48fea9192f97744,-6960,0,0,0
0x88c3eb3134a59a37ec4ee55e38b84b9625aab35d,-69060,0,0.05229102857,52291028573238000
0x89069a4a9a98f9161805e2a97155ac0eebda0047,-69060,0,0,0
0x8987f4f363f8d3bc5c5dc23b753982c4755d0c13,-69060,0,0.0000003760109156,376010915602
0x8a4a50b13fd2cb36feb96c408cb98b4c9f2b8f25,-20820,-17940,0.001,1000000000000000
0x8b1de9760c745098af64a4327b4c9d113ed424e4,-104640,-23040,0.008216598273,8216598273135930
0x8b1de9760c745098af64a4327b4c9d113ed424e4,-69060,0,0,0
0x8b1de9760c745098af64a4327b4c9d113ed424e4,-35580,-23040,0,0
0x8b20a2439acc43a5ed3b361231b5ff1b7536a163,-24840,0,0.0007257188533,725718853275147
0x8b59939316081a72b7fdb1304d61e10d427fb340,-23040,23040,0.0001,100000000000000
0x8bf4fd0efad48bb22213d08e972d7ad7a98c40a0,-69060,0,0,0
0x8c72b6abda7b68808851de83e3e59fd47b8c4609,-93900,0,0.00003128438599,31284385991443
0x8c72b6abda7b68808851de83e3e59fd47b8c4609,-69060,0,0,0
0x8c72b6abda7b68808851de83e3e59fd47b8c4609,-24840,0,0,0
0x8dc15493a8041f059f18ddba98ee7dcf93b838ad,-32220,-16080,49.3968634,49396863402841300000
0x8df8841d10f40f55dfed2ec025dd3b89567ef667,-69060,0,0.000001007548531,1007548531161
0x8e0439c0a49ab4cec1b0aa7fbad4d83ac84393f1,-30900,-24840,0.0002047948911,204794891055730
0x8e7feb111ee0b5dc5a285fee78b0aee876f3e1d2,-69060,0,0,0
0x8ef7db3d704a8d07cc612c9ad583e6fc4f50ae23,-93900,0,0.000009257137394,9257137394255
0x8ef7db3d704a8d07cc612c9ad583e6fc4f50ae23,-69060,0,0,0
0x8ef7db3d704a8d07cc612c9ad583e6fc4f50ae23,-24840,0,0,0
0x8f5102d67dd359829eb42988c9f620b4ebf0987b,-69060,0,0.000001004157645,1004157644670
0x8f773c07e53ddb3a0f0e40433d0d42d106f53f64,-23040,23040,0.00001,10000000000000
0x904d6cf53594e22a614714849884b8b2b16b2bbc,-23040,0,0.00132,1320000000000000
0x915e29652b5374f2819d95157fca0122562da2ea,-85140,-13860,0,0
0x915e29652b5374f2819d95157fca0122562da2ea,-69060,0,0,0
0x915e29652b5374f2819d95157fca0122562da2ea,-16080,-13860,0,0
0x91c27b75fcc4a31d2ec786f1dc2a211615a37338,-34320,-10980,0.000001001375387,1001375387435
0x934d531b72ca3d6b6853fe76ebb3c6ba288ac12c,-24840,0,0.0009583388914,958338891406827
0x93842d58fdf43d1bb64685ed4c7ba7766ac2b6d5,-69060,0,1.311980075,1311980074888500000
0x93a30f358ff3e49169c54749f71dc6d5eec6008b,-96120,-24000,0.06227504172,62275041716238000
0x93a30f358ff3e49169c54749f71dc6d5eec6008b,-69060,0,0,0
0x93a30f358ff3e49169c54749f71dc6d5eec6008b,-27060,-24000,0,0
0x95ee2ebac03ee1a27de22515156519371f152f01,-93900,0,0.00004113923203,41139232030623
0x95ee2ebac03ee1a27de22515156519371f152f01,-69060,0,0,0
0x95ee2ebac03ee1a27de22515156519371f152f01,-24840,0,0,0
0x9633d229b711dcbf06cdd8739238765e0f3135b0,-94740,-24840,0,0
0x9633d229b711dcbf06cdd8739238765e0f3135b0,-69060,0,0,0
0x9633d229b711dcbf06cdd8739238765e0f3135b0,-25680,-24840,0,0
0x9742f4ec7c5f92c00571ea0281c2cac24bda664a,-93900,0,0.00002011787115,20117871151695
0x9742f4ec7c5f92c00571ea0281c2cac24bda664a,-69060,0,0,0
0x9742f4ec7c5f92c00571ea0281c2cac24bda664a,-24840,0,0,0
0x97a0f2367c5d6da0d5b33fd2a96b67d3ae12cbac,-69060,0,0.004971578988,4971578988056990
0x97ce65cdb38b6a0cd777502fb3a68ebf562b9764,-69060,0,0.0000005950421962,595042196165
0x98a3e6c5faf1858f9781542d83b4f0f3fcecf27f,-17940,0,0.0001,100000000000000
0x993f759b607bb3831e4d957fb7aedadd7447726f,-23040,6960,0.0009895997658,989599765835422
0x997b86481ea10a414ac34acbcf1e3030274a618d,-69060,0,0,0
0x99b925609ac531e33b072db36c66b1bd266a5103,-69060,0,2.147113018,2147113017924240000
0x9a426c83ca780d6ceb5a05d717793d2e706a4264,-69060,0,0.000004929820065,4929820064701
0x9a84a1e6aa600a4aef8569a5320465a9b13e5601,-69060,0,0,0
0x9a86b8da46a6a87f1ef0fee5cb012ac7655cab0f,-34320,-16080,0.000001001125972,1001125971918
0x9c3f91356bdbceb5cbe56a68f1dae25f1caebd8e,-93900,0,0.000008800630265,8800630265178
0x9c3f91356bdbceb5cbe56a68f1dae25f1caebd8e,-69060,0,0,0
0x9c3f91356bdbceb5cbe56a68f1dae25f1caebd8e,-24840,0,0,0
0x9dfa88f5ebf9420027213e63281d540ba54ec00f,-23040,0,0.0006,600000000000000
0x9e1e9e0cc88df195ff4ec9314dacce8cd45bf763,-93900,0,0.000001567852371,1567852370767
0x9e1e9e0cc88df195ff4ec9314dacce8cd45bf763,-69060,0,0,0
0x9e1e9e0cc88df195ff4ec9314dacce8cd45bf763,-24840,0,0,0
0x9e23914e4128b890b94d15fe586ca32eeb56291b,-76020,0,0.00000965833317,9658333170391
0x9e23914e4128b890b94d15fe586ca32eeb56291b,-69060,0,0,0
0x9e23914e4128b890b94d15fe586ca32eeb56291b,-6960,0,0,0
0x9edaa8483f28214d7533aede03287c4a6bfb7a07,-93060,0,0.0001164182476,116418247612081
0x9edaa8483f28214d7533aede03287c4a6bfb7a07,-69060,0,0,0
0x9edaa8483f28214d7533aede03287c4a6bfb7a07,-24000,0,0,0
0x9ee0fe2c447c09cf29af9d3c57cb6396a4b28925,-29940,69060,0.01264293728,12642937284203800
0x9fdb39d48b10d620274e2380c13b584842715dbd,-10980,-6960,0.00001,10000000000000
0xa0beaa6ec671f4cc8b6d6ca52c46d6c252f525a8,-85140,0,0.00000324875912,3248759119982
0xa0beaa6ec671f4cc8b6d6ca52c46d6c252f525a8,-69060,0,0,0
0xa0beaa6ec671f4cc8b6d6ca52c46d6c252f525a8,-16080,0,0,0
0xa0bedf26e0593bb7a332c503dfe7fdc5f1c7292f,-32220,-13860,0.000001001984001,1001984000993
0xa0f600fb25cc03b731d2660c9cf864fa172f376e,-69060,0,0.0000001809671257,180967125748
0xa150a9195af7075ece3a88a2c9c026441acb1890,-16080,0,0.0002,200000000000000
0xa184675152892c0612820db97da765cfe8d54823,-29940,0,0.0001558154238,155815423797468
0xa1cf3176404a76e4816d0567cc26451092dc8a48,-69060,0,0.0000006865104252,686510425224
0xa280c6f0b32efbf7bb267130ae92b2c4a8156b22,-76020,0,0.000006333085494,6333085493861
0xa280c6f0b32efbf7bb267130ae92b2c4a8156b22,-69060,0,0,0
0xa280c6f0b32efbf7bb267130ae92b2c4a8156b22,-6960,0,0,0
0xa2e7002e0ffc42e4228292d67c13a81fdd191870,-69060,0,0.06351657551,63516575506357300
0xa30e48c7826eed00223224dfde038347b983f0f1,-69060,0,0.003918848651,3918848650990180
0xa35c949f8dfa0987fb7009683ed4b27f3763ee87,-76020,0,0.000004917869441,4917869440853
0xa35c949f8dfa0987fb7009683ed4b27f3763ee87,-69060,0,0,0
0xa35c949f8dfa0987fb7009683ed4b27f3763ee87,-6960,0,0,0
0xa3b73f94474ad5d7622147c678680fefa550fe96,-10980,-6960,0.000001,1000000000000
0xa3d18b20b2b795cdb487eaec2b86f1b89bdfdc60,-10980,-6960,0.0001,100000000000000
0xa48372b62c5c0efa660a381df299c508162d0724,-23040,0,0.001206770912,1206770912259200
0xa4a5ee3841d3aee0399c01c10eebba3216f983dd,-25680,-16080,0.00003167508621,31675086213144
0xa58627a29bb59743ce1d781b1072c59bb1dda86d,-105960,-23040,145.3829909,145382990944999000000
0xa58627a29bb59743ce1d781b1072c59bb1dda86d,-69060,0,0,0
0xa58627a29bb59743ce1d781b1072c59bb1dda86d,-36900,-23040,0,0
0xa5a333d7b77ad4543202d51a9d3da93f9e7babb4,-69060,0,0.00004981347817,49813478168962
0xa65ec0989d5832addfe6565cd6441cc27d820ead,-36900,0,0.01128310826,11283108256436600
0xa6671145b89dd5cfc9812be7bc437579feda186a,-103080,-32220,0.00007696892816,76968928156408
0xa6671145b89dd5cfc9812be7bc437579feda186a,-69060,0,0,0
0xa6671145b89dd5cfc9812be7bc437579feda186a,-34020,-32220,0,0
0xa7a85623db428c9bdf92e0c9269d4f5b5fca78a8,-115140,0,0,0
0xa7a85623db428c9bdf92e0c9269d4f5b5fca78a8,-69060,0,0,0
0xa7a85623db428c9bdf92e0c9269d4f5b5fca78a8,-46080,0,0,0
0xa913da67992c99c7a2fb41c3bd91a4bedc746623,-23040,23040,0.00001,10000000000000
0xa926d451fb4afd2ec501a477e1d1eff2bd414eb7,-23520,-23220,0.0009719820434,971982043445317
0xaac5b421889ea24a13b801920e0ca968a6d0eab0,-76020,0,0.000004753135357,4753135357064
0xaac5b421889ea24a13b801920e0ca968a6d0eab0,-69060,0,0,0
0xaac5b421889ea24a13b801920e0ca968a6d0eab0,-6960,0,0,0
0xaad2014cbdc7a6bb45d9b3ab0f509b4c9f15df3c,-69060,0,0,0
0xaad7d219250fbfc8fe61010e5772d89584f6349c,-48300,-43200,0.000009006224945,9006224944776
0xaaf983a8948e47ec18600010e36f7a08881f224a,-69060,0,0.0000007028710079,702871007900
0xac1301f11a30f5de95c8dc90379781be09962a1b,-23040,0,0.00043,430000000000000
0xac3aebef46b87b00cd28351da31e0be50de13db3,-23040,0,0.00001,10000000000000
0xac3cf352d4a97a41d85a0c915ea8eccf38c71f3b,-76020,0,0.000004699636623,4699636623339
0xac3cf352d4a97a41d85a0c915ea8eccf38c71f3b,-69060,0,0,0
0xac3cf352d4a97a41d85a0c915ea8eccf38c71f3b,-6960,0,0,0
0xacaec33fca95b1351927aa092c28bd813c525226,-69060,0,0,0
0xad75be59ff57741c9d9d3d7969f834f488fdb9ea,-69060,0,0,0
0xae0972ff7ad2665a0f004e34996027a7d449ad2c,-48120,-43440,0.000003002047833,3002047832687
0xaf113d30fe55b1300bb18ce659165123f407e043,-40920,-34020,0.002000450187,2000450187404500
0xb09854cefce68aa737688533e1776603602e09de,-93900,0,0.000006168337845,6168337844571
0xb09854cefce68aa737688533e1776603602e09de,-69060,0,0,0
0xb09854cefce68aa737688533e1776603602e09de,-24840,0,0,0
0xb14130755bdc32f3540b8ff1ab417304c80d0eef,-69060,0,0.05281322618,52813226183734000
0xb1ef19eab856aa3622529a298324ab6446ade9fa,-34680,-16080,0.000001003355474,1003355473945
0xb1f6abf3436938d1f87b7a570f1c4b66deec3b86,-69060,0,0,0
0xb43339abb781a11ffc669c0e6759feb99d933a2b,-10980,-6960,0.0001,100000000000000
0xb61730438b1137ff13a077aedefbd487bf25c992,-23040,0,0.00139313381,1393133810234730
0xb67cd71a8dc7b3639befd7b99bcd700e176b68be,-23040,0,0.00037,370000000000000
0xb6afee3c05120a78697ba0d786d03ea91d7622e4,-76020,0,0.00001055976431,10559764306385
0xb6afee3c05120a78697ba0d786d03ea91d7622e4,-69060,0,0,0
0xb6afee3c05120a78697ba0d786d03ea91d7622e4,-6960,0,0,0
0xba89374b439adf261857227a95f7dc3fd1cc3eb3,-69060,0,0,0
0xbadf5f4edab6ec9080eb250969ca7d605335b602,-23040,0,0.0002089874059,208987405942840
0xbb50690db3897ca5b1f63cff6e0c061b93f9bfbd,-76020,0,0.0085120391,8512039100423010
0xbb50690db3897ca5b1f63cff6e0c061b93f9bfbd,-69060,0,0,0
0xbb50690db3897ca5b1f63cff6e0c061b93f9bfbd,-6960,0,0,0
0xbb89c72b4a77be7760190160e97a596c7ed7ec11,-24840,0,0.0009782270328,978227032786677
0xbbc919eb765353cabaae9fa495ce639bf42320e2,-76020,0,0.000003616168124,3616168123545
0xbbc919eb765353cabaae9fa495ce639bf42320e2,-69060,0,0,0
0xbbc919eb765353cabaae9fa495ce639bf42320e2,-6960,0,0,0
0xbbcf2eea4f6e73a6ec06a829d6510d0460213091,-69060,0,0,0
0xbc4a67a16d867429709f606df61922574385e4ff,-32220,-20820,0.001194264603,1194264603210670
0xbc547403edd21afe9bbeec7881bb10d3df0887f5,-69060,0,0.00000001293899797,12938997973
0xbc8bccc5b1ba605b73fdf171cf463956de9eb455,-69060,0,0,0
0xbcbf04f1c25bed87c413af04a2e4f89b3448cf79,-69060,0,0,0
0xbcf7e11e045c4bd495e79b8a3bee8119b7692da8,-23040,0,0.001134364123,1134364122608090
0xbd80ec3b2b3ccc1c83cf331bd49e9a5f48e23e91,-10980,-6960,0.000001,1000000000000
0xbdaf6e586870e65ae06088ca9b425b27f61a82df,-69060,0,0.01354434885,13544348852490400
0xbf543d3ec15a8b6f2e60c4993147f0a07105cb2e,-93900,0,0.0001015308917,101530891702477
0xbf543d3ec15a8b6f2e60c4993147f0a07105cb2e,-69060,0,0,0
0xbf543d3ec15a8b6f2e60c4993147f0a07105cb2e,-24840,0,0,0
0xbfced03ec719856d10ffd065a5a38e1b36bbe7f0,-69060,0,3.351219086,3351219085503070000
0xbfe40f8bb4599c06c4737b73c46eaef9c53cacdd,-23040,23040,0.0002,200000000000000
0xc012200359debedd512c4b4b5718c7b8b1cf3e31,-76020,0,0.000002846833865,2846833865226
0xc012200359debedd512c4b4b5718c7b8b1cf3e31,-69060,0,0,0
0xc012200359debedd512c4b4b5718c7b8b1cf3e31,-6960,0,0,0
0xc021f8b55d22de26ed8e4d4b955ab031bbb5ade8,-69060,0,0,0
0xc254606029a7488bfa383afda77784b9bd276548,-48060,-43560,0.000005003388298,5003388297980
0xc26fa15c1aced4eb3e86fe14d1a2d809d2ca6c3e,-23040,0,0.0006,600000000000000
0xc2ff5a51f71980414cd90321e1f12db25583bc96,-69060,0,0,0
0xc3576957a4b8827ecf3f1f44a4ae3544cb973a64,-69060,0,1.145221633,1145221633252790000
0xc3cb47f1d74abc82cc9acd748c9c6714f9c77eff,-85140,0,0.001003046172,1003046171509030
0xc3cb47f1d74abc82cc9acd748c9c6714f9c77eff,-69060,0,0,0
0xc3cb47f1d74abc82cc9acd748c9c6714f9c77eff,-16080,0,0,0
0xc4f5d1b030b67ec8db98a55e5509807bfc2996ab,-69060,0,0.00000112131586,1121315859973
0xc573fde65fb232a4b55fd395965f17622290ef35,-24840,0,0.00164,1640000000000000
0xc574aa8461195018ca1dfd6e9705e0d032e1077b,-326100,-252720,43.62095947,43620959468448400000
0xc574aa8461195018ca1dfd6e9705e0d032e1077b,-69060,-69000,0,0
0xc574aa8461195018ca1dfd6e9705e0d032e1077b,-69060,-65940,0,0
0xc574aa8461195018ca1dfd6e9705e0d032e1077b,-69060,0,0,0
0xc574aa8461195018ca1dfd6e9705e0d032e1077b,-40080,-39540,0,0
0xc574aa8461195018ca1dfd6e9705e0d032e1077b,-39540,-39120,0,0
0xc574aa8461195018ca1dfd6e9705e0d032e1077b,-39300,-39120,0,0
0xc59f63d0abc9fc5063b108234151797c167fcd07,-69060,0,0.0000002814218955,281421895477
0xc62c91bd0fb3c05974820c502044e0799cd12406,-69060,0,5.722354543,5722354543187300000
0xc6ae9caec30a5049de846ae1c6bed7d85614e3ec,-69060,0,0,0
0xc72f3d59d1984304536ea4848614f11679383eef,-69060,0,0,0
0xc732cf6ba8bbf031b765fbd5799f2aea321e6483,-29940,69060,0.01264293728,12642937284203800
0xc783bb55da55299078b723fd26abdf457fcc7966,-24840,0,0.002086012708,2086012707794750
0xc814c5ddcf729fdf97ea80942f1bf0d6947c0da0,-23040,23040,0.002009,2009000000000000
0xc84527abce0b2bed0488116a4933ba09b696288e,-24840,0,0.001025718853,1025718853275140
0xc875a15956b4a47c8e85791d9891577eec762bc2,-35820,-6960,0.01556018376,15560183763509600
0xc8d779198424aa48489babbea40434fba201c61d,-69060,0,25.58838669,25588386689867400000
0xca1602ca6817e8dcc53e797f1a43f3001cd69b26,-10980,-6960,0.000001,1000000000000
0xcb50b7b7e015dd21a91dfa82ff7cd2a51eead4e9,-76020,0,0.000001740984401,1740984401091
0xcb50b7b7e015dd21a91dfa82ff7cd2a51eead4e9,-69060,0,0,0
0xcb50b7b7e015dd21a91dfa82ff7cd2a51eead4e9,-6960,0,0,0
0xcef0e56b84ad7d5be9edcb7faf66f85ae83942a4,-69060,0,27.30182157,27301821567731300000
0xcf6a84e15c0fa934f4478e5ab12adb224fd4a17e,-35280,-16080,0.000001004008012,1004008012248
0xcf9832e039c1920a17ee4ab34a23d3593d11a7ca,-69060,0,1.603921232,1603921232028400000
0xcfa06e2641841071bb0fc99bc2d96f96857f67d4,-92100,23040,0.0005455508942,545550894218688
0xcfa06e2641841071bb0fc99bc2d96f96857f67d4,-69060,0,0,0
0xcfa06e2641841071bb0fc99bc2d96f96857f67d4,-23040,23040,0,0
0xcfb73e20d516c6a6f5503603904c0fe7ecae0b97,-69060,0,0.00002484119985,24841199847772
0xd040009f57ae60c1b83db8eba50ee5aa58e36640,-23040,0,0.001396705653,1396705652793350
0xd19496be4abd2641955b1136568a537296614c10,-76020,0,0.00000583855741,5838557410230
0xd19496be4abd2641955b1136568a537296614c10,-69060,0,0,0
0xd19496be4abd2641955b1136568a537296614c10,-6960,0,0,0
0xd21bf575fb36ae45370655c79886b37173b11a41,-29940,-16080,0.02142136096,21421360962157800
0xd2eef7f1af5e72fd421c44caa5c2e1292d4f1b0e,-23040,23040,0.0001,100000000000000
0xd426211d55db8350ddbb86ea86aa0ecf8931c951,-76020,0,0.000003742240344,3742240343620
0xd426211d55db8350ddbb86ea86aa0ecf8931c951,-69060,0,0,0
0xd426211d55db8350ddbb86ea86aa0ecf8931c951,-6960,0,0,0
0xd4f0841d4a939189e10afc69c82947a2668c517b,-23040,23040,0.0003,300000000000000
0xd796e113f196e904bb189c8a8a37a405e3338c6f,-99000,-16080,0,0
0xd796e113f196e904bb189c8a8a37a405e3338c6f,-69060,0,0,0
0xd796e113f196e904bb189c8a8a37a405e3338c6f,-29940,-16080,0,0
0xd8b40db7267ea9ae42f83711ef704079816b0f43,-6960,0,0.0002,200000000000000
0xd9fa80eed8634e57a8fa4b781fcbb3faeda39849,-69060,0,0,0
0xda035641151d42aa4a25ce51de8f6e53eae0ded7,-69060,0,1.522722218,1522722218338100000
0xda2cb4d394e0aff93bf45b00f240d39eb07aa0c8,-25800,-15660,0.0228112792,22811279203747600
0xdaac6a819716f11ab67b257c0fb637de0f8cb655,-13860,-6960,0.0002,200000000000000
0xdb1f91772c19e39a3e084800f0cbac2d67b5ea4c,-85140,0,0.00001540686734,15406867343969
0xdb1f91772c19e39a3e084800f0cbac2d67b5ea4c,-69060,0,0,0
0xdb1f91772c19e39a3e084800f0cbac2d67b5ea4c,-16080,0,0,0
0xdb9a6a20dd4bdea836a1300714a3a6ef73266c6f,-10980,-6960,0.00001,10000000000000
0xdbae4a204a9ee579e402c7cf9f72005ecbf8f8e4,-39120,69060,0.0003103064468,310306446849188
0xdc5a4cdca9f79be1d1c3ecb283847df1c8d33105,-39120,-23040,0.0004182348503,418234850280547
0xdc8c1959c74ab2cb3819add153e62739d12be550,-22080,-21840,0,0
0xdd0ae174d1e641031e1f26d96338f2552ef03220,-69060,0,1.893884492,1893884491964020000
0xdd1dbaa78549bd83e1ab19637c3e19e878ad4a0c,-69060,0,0.6120427183,612042718343016000
0xde5f384ba0575711bab32f7a769d355e29f5a450,-69060,0,26.56767653,26567676526348600000
0xde60633b64b1970611e38f6d778dbb82310c08b7,-69060,0,0,0
0xdf08dfb2752c2bf55facc363f1568d4cf9606110,-832020,-672120,20.73889449,20738894492877500000
0xdf08dfb2752c2bf55facc363f1568d4cf9606110,-69060,0,0,0
0xdf08dfb2752c2bf55facc363f1568d4cf9606110,-46080,-40080,0,0
0xdf08dfb2752c2bf55facc363f1568d4cf9606110,-36900,-35580,0,0
0xdf08dfb2752c2bf55facc363f1568d4cf9606110,-36840,0,0,0
0xdf08dfb2752c2bf55facc363f1568d4cf9606110,-34260,-32520,0,0
0xdf08dfb2752c2bf55facc363f1568d4cf9606110,-31860,-23040,0,0
0xdf08dfb2752c2bf55facc363f1568d4cf9606110,-31440,-30660,0,0
0xdf08dfb2752c2bf55facc363f1568d4cf9606110,-31260,-30240,0,0
0xdf08dfb2752c2bf55facc363f1568d4cf9606110,-30660,-30000,0,0
0xdf08dfb2752c2bf55facc363f1568d4cf9606110,-30240,-28680,0,0
0xdf08dfb2752c2bf55facc363f1568d4cf9606110,-30060,-28320,0,0
0xdf08dfb2752c2bf55facc363f1568d4cf9606110,-29940,-26400,0,0
0xdf08dfb2752c2bf55facc363f1568d4cf9606110,-29520,-27900,0,0
0xdf08dfb2752c2bf55facc363f1568d4cf9606110,-29220,-27300,0,0
0xdf08dfb2752c2bf55facc363f1568d4cf9606110,-28920,-26760,0,0
0xdf08dfb2752c2bf55facc363f1568d4cf9606110,-28920,-25440,0,0
0xdf08dfb2752c2bf55facc363f1568d4cf9606110,-28680,-26760,0,0
0xdf08dfb2752c2bf55facc363f1568d4cf9606110,-27840,-24000,0,0
0xdf08dfb2752c2bf55facc363f1568d4cf9606110,-27720,-24000,0,0
0xdf08dfb2752c2bf55facc363f1568d4cf9606110,-27060,-23580,0,0
0xdf08dfb2752c2bf55facc363f1568d4cf9606110,-27000,-26040,0,0
0xdf08dfb2752c2bf55facc363f1568d4cf9606110,-24840,-22260,0,0
0xdf08dfb2752c2bf55facc363f1568d4cf9606110,-24420,-24180,0,0
0xdf08dfb2752c2bf55facc363f1568d4cf9606110,-22800,-22500,0,0
0xdf08dfb2752c2bf55facc363f1568d4cf9606110,-22440,-21960,0,0
0xdf08dfb2752c2bf55facc363f1568d4cf9606110,-22080,-22020,0,0
0xdf08dfb2752c2bf55facc363f1568d4cf9606110,-21960,-21900,0,0
0xdf76ed6ddce8c825e9f5a749355a2e54b9cd6302,-96120,-23040,0.001527764039,1527764039406480
0xdf76ed6ddce8c825e9f5a749355a2e54b9cd6302,-69060,0,0,0
0xdf76ed6ddce8c825e9f5a749355a2e54b9cd6302,-27060,-23040,0,0
0xdfab977372a039e78839687b8c359465f0f17532,-69060,0,0,0
0xe03bdbd76aab1f0190ffe0ff26be85f2b0ce39b6,-92100,23040,0.0003809008305,380900830496467
0xe03bdbd76aab1f0190ffe0ff26be85f2b0ce39b6,-69060,0,0,0
0xe03bdbd76aab1f0190ffe0ff26be85f2b0ce39b6,-23040,23040,0,0
0xe03d4445a2e3c83ebfc0997df058fdcea18da594,-93060,-23040,0.03395283644,33952836440333800
0xe03d4445a2e3c83ebfc0997df058fdcea18da594,-69060,0,0,0
0xe03d4445a2e3c83ebfc0997df058fdcea18da594,-24000,-23040,0,0
0xe04eac9c207274207ffc3c7e5cf8f7a720d7b342,-96120,-24840,0,0
0xe04eac9c207274207ffc3c7e5cf8f7a720d7b342,-69060,0,0,0
0xe04eac9c207274207ffc3c7e5cf8f7a720d7b342,-27060,-24840,0,0
0xe1122c37a796c74fa9dd05a422a49f45e559f676,-32580,-6960,0.000001000584703,1000584703283
0xe12b85bc97ae2fb60138e2e0e25dfb1108de5ccb,-69060,0,0.2595478893,259547889278215000
0xe2ddc39d92619522c9dbecc82c00ddca5419fe5b,-92100,-17940,0,0
0xe2ddc39d92619522c9dbecc82c00ddca5419fe5b,-69060,0,0,0
0xe2ddc39d92619522c9dbecc82c00ddca5419fe5b,-23040,-17940,0,0
0xe4bc92a26c5f2f80f70b03ccde64add20843d957,-93900,0,0.000003146986207,3146986207040
0xe4bc92a26c5f2f80f70b03ccde64add20843d957,-69060,0,0,0
0xe4bc92a26c5f2f80f70b03ccde64add20843d957,-24840,0,0,0
0xe4fd11e0297a0cf96aa87b2b268648fb69882939,-23040,0,0.003158025636,3158025636419630
0xe5ad76f97cfb51344238c5f1b2408d217bc36694,-69060,0,0,0
0xe67d9c40ea5528850553ca1f29c9b3ea549bbc40,-33300,-13860,0.000001001920709,1001920709108
0xe6a2db78240069644e3c4e22ab9c2405460ef90d,-23040,23040,0.0001,100000000000000
0xe77995e8da94a93149f3eabfa051ba523da6de68,-25680,0,0.00081,810000000000000
0xe79c506ec5f70195c836624b2504aead57ec8cee,-23040,0,0.001006770912,1006770912259200
0xe7b90248b7132b69ba0525f50063fb9d27abe17d,-69060,0,0.0001368587993,136858799308272
0xe94983d7b671e01a85194f2bff3ceb566165f6a6,-76020,0,0.000005574011132,5574011131935
0xe94983d7b671e01a85194f2bff3ceb566165f6a6,-69060,0,0,0
0xe94983d7b671e01a85194f2bff3ceb566165f6a6,-6960,0,0,0
0xeaee361967ba2ddd6c8e1915d98706042d3d8214,-23040,0,0.0014494155,1449415500235300
0xecee0fd842ba7f171d5fdc58cc581b8fb8585b50,-46080,-39120,0,0
0xed3f07297bbba4c32fd29ea8cdb11edd32fd675a,-29940,69060,0.002602401331,2602401331409370
0xed4bd4dae69444aab27e1219a9b7a9313b9fccda,-24000,0,0.00151,1510000000000000
0xeda6cb469eaead6a0459235c8e801ca86fd9ad86,-69060,0,0.03336025368,33360253678656000
0xeebfce8ad76e178fa18360e3af7ca77dda105c95,-69060,0,0.0000008551631919,855163191852
0xefbc53e0afdc9f649bc1ab692461df57e70a560f,-69060,0,0.000002840944455,2840944455476
0xf103750c4c6a2d6204c7f54a781c5b400d339f8d,-69060,0,0,0
0xf269e31f5a94dec2f0b608531cb4a6712b5acc27,-69060,0,0.003725724479,3725724478865730
0xf31b066cb8362cbf8e70062cdb9a6bfd32fecece,-69060,0,3.241977367,3241977367240950000
0xf53b7b63d1a6c42294b330c0585434b5f96a9a04,-51360,-34020,0.000354,354000000000000
0xf55a2850b5aba73b5d65fdf5e7ca312f6bd23a72,-10980,-6960,0.000001,1000000000000
0xf5bfcb2217645815ce033e5435c09a6ca5aa5e3f,-93900,0,0.000004066101611,4066101611499
0xf5bfcb2217645815ce033e5435c09a6ca5aa5e3f,-69060,0,0,0
0xf5bfcb2217645815ce033e5435c09a6ca5aa5e3f,-24840,0,0,0
0xf5fa0f11364cc7695c2e8c3f7c9a7de3ea2483f1,-99960,-13860,0,0
0xf5fa0f11364cc7695c2e8c3f7c9a7de3ea2483f1,-69060,0,0,0
0xf5fa0f11364cc7695c2e8c3f7c9a7de3ea2483f1,-30900,-13860,0,0
0xf62bdafc4cb3808346c5854c0fd129f2a22c02e0,-69060,0,0.3033676065,303367606508242000
0xf66e602ee8c33300a2ee45e14c10b20872e97d45,-92100,0,0.00002843401465,28434014650883
0xf66e602ee8c33300a2ee45e14c10b20872e97d45,-69060,0,0,0
0xf66e602ee8c33300a2ee45e14c10b20872e97d45,-23040,0,0,0
0xf7ae08cac2209c0212606a86f4eee865b0dea733,-24000,0,0.00111,1110000000000000
0xf81b6d901248817a810002bba17a3a52be600a4c,-69060,0,0.274506926,274506926004049000
0xf8f6b70a36f4398f0853a311dc6699aba8333cc1,-69060,0,0.000009725321514,9725321514180
0xf9c09aebc29cfbbfbdab702aaa93a57306d01155,-69060,0,0.9266518958,926651895770165000
0xfbf5891e54cd745b52fb33893fb74fd90accf745,-69060,0,5.406819019,5406819018835720000
0xfc5373a77879c4a50e40a34f40039daef77abb14,-23040,23040,0.0002,200000000000000
0xfd78fad57ccb92222744c4c0c4193ea10436e4cb,-13860,-6960,0.00001,10000000000000
0xfd878028222db4435d45c55a6143bde6731625de,-23040,0,0.00062,620000000000000
0xfe0b65c3acd3bdf1ecab242ac857f73424c55d58,-69060,0,0.657353169,657353168980834000
0xfebb67d3d850f12dbe7910840288a0afdc4a2ab1,-69060,0,0.00004128919768,41289197675040
0xfeea4cd7a96dcffbdc6d2e6c814eb4544ab62667,-69060,0,2.166040671,2166040670722000000
0xffc4583bc9204057b5b2e94b7922fab07e0486fd,-92100,-22500,0,0
0xffc4583bc9204057b5b2e94b7922fab07e0486fd,-69060,0,0,0
0xffc4583bc9204057b5b2e94b7922fab07e0486fd,-23040,-22500,0,0