"HolderAddress","Quantity","PendingBalanceUpdate"
"0x2b19fde5d7377b48be50a5d0a78398a496e8b15c","13","No"
"0x6d2eb3f08087a2e7622685d3606d3c8cd29fe9ac","10","No"
"0x922dd181a24e9dadcbf6cd76b3fe50a5be239655","10","No"
"0x61da516f87cc217ff834baf3f4af7f9214eabd12","10","No"
"0xa7a9e6137d2582fc8bddad6a6daeb8fb985396f2","10","No"
"0xf364156a8df7064583a4a694b3332a4237c34b93","8","No"
"0x59dd4aa78ffdec9c2a4c7a0e3cd654513b3f018e","5","No"
"0xcf54b70bf3cec789dea3b7b2a01d3147cd6cd0ef","5","No"
"0x20ca1e75384e41972c49068da22fa074af9f1058","5","No"
"0x7a67928bb379974768668d50ab991eefb5f08c0e","4","No"
"0x335147a6afcfe1136d9341c9a264f4a69616ad7a","4","No"
"0x63c1e553014905b1c8852e0570b1c019cddc9cba","4","No"
"0xaaac34d30d6938787c653aafb922bc20bfa9c512","4","No"
"0xc03f20c45585240a737bc7d6c206ee59a46460c1","4","No"
"0xb0d56c1f451babc78746b20bbfa5f6d41bf44478","3","No"
"0x7f9951a408c3384ae8d8e3f6a2d2f60f53e7eeb0","3","No"
"0x2cced186c0b172443884b0dae52695e847ee010d","3","No"
"0x067232d22d5bb8dc7cdaba5a909ac8b089539462","3","No"
"0x4dff12faefbb14786a7b0d18a46ff0c0057d1655","3","No"
"0x037b22bd2ed3df1e5bb8fbf7faa2feac9dda22b0","3","No"
"0x0b6726d84b553351e8b85b21a37f2b69a0801732","3","No"
"0x95439b23f5782488a2cfeef13e983909cc3042d0","3","No"
"0x34aa03ad8af42c7aeae9c2f185c6f1b7847b0e8f","3","No"
"0xf92e5b2e1ea0c6a4cb4ebb44ed51ea235cde4d42","3","No"
"0x38483df47fc7237586e3333ce2499bb6857e2ae7","3","No"
"0x7da0e97cb78832463914392b5d414c1befa1fb01","2","No"
"0xc21a7fcc250cf5ca58708ca3c80889e7076c6ada","2","No"
"0x410a0887cc91ccf1e8db56422b9a5d8b078c2200","2","No"
"0xabb88f61b11031fec066810dcfb473afeb85be1f","2","No"
"0x421e220278e5cf3b5512a28816d8d7edeaffdf55","2","No"
"0xf60f6d5acfaae09e666f0efac21b29290e4a9109","2","No"
"0x13bb7b54eb9133514f20c98f6587362ebc800ebc","2","No"
"0x25cd302e37a69d70a6ef645daea5a7de38c66e2a","2","No"
"0x63281bbd2e9ccb1cd7b7ad31b4db02725dbbedd3","2","No"
"0xe1e8d618eb6d40b33354161fb13c8f2d460b47bb","2","No"
"0xb7864ebc4a396281b6a91ef956d4b6479d578124","2","No"
"0xa37271736c9d3e27a65d75b3839bf3638191c1fc","2","No"
"0x96fca82bb2ce4c5a700a14581412366cc05dd6fa","2","No"
"0x654d24ee1cc2c115c799332ffd0a039705e085b0","2","No"
"0x06a6cd08ec265e5eafbe8a7edceb119792eb3870","2","No"
"0x30a5fbd08ac60998cba6c8812983371ecf29fa23","2","No"
"0x6a1c621d5b5ecc4bbf94bbe764898f66e96fcd5a","2","No"
"0xa811576c34770f1a7696c612c4437cfa6a73b2d5","2","No"
"0xa47f68826abe8d3a20ee1b1458f3156e6c7b5277","2","No"
"0x59b02e6738d03f1f501ed74dfb2d9b43fdd9ee4d","2","No"
"0x22db8463e8a881dc3f6d3e2bc8f21fdc15a08717","2","No"
"0x47b3fab6a3b16d05d8eab43295744e7555a0623b","2","No"
"0x671e4a04ba38381aff62e3c0a0cec2c064725d30","2","No"
"0xf637978800670ba2a978501d86f73442e108f946","2","No"
"0xff70bb0964ce8e9e8132b0dc2e0d774727d56092","2","No"
"0xee207b1f89ca8c1d6765aeccc8b43e97df8572cf","2","No"
"0xf3eab2365c8689d7d429e9cf03c78b29f07907b1","2","No"
"0xfc6a6410692d92a67dcfa7f8bf523887d89ffbdc","2","No"
"0x994cdf8e62034127de752dc46427e9db8419e118","2","No"
"0xfd4295c1a0b07e6b706f0ab83dc9eb461b7f17b3","1","No"
"0x404f4c126df0127e5bc3ecf2d566099fd29509e1","1","No"
"0x4fc06231d9bb175dacf6b482ea236d5de1101317","1","No"
"0x886f55e670cf0e0749cae8e58ba355ae5f804575","1","No"
"0x5d0569904da31a914eec249efdb6a399c3d3e3ee","1","No"
"0x82e9a55afb16a26ff840e83dec37e7088774c8ee","1","No"
"0xe59bf560a9a7f747443db30d027a0a8d9262c25b","1","No"
"0xbee3c272ad4215cb352291af334ddc014bb3c20b","1","No"
"0x1e4942b1a4fab51ec950e5cccc957497b37d1103","1","No"
"0x00ee80c322d6e956d2629a73223605bbda946f2d","1","No"
"0x4f27ee7ad5ef8d881f62511a36a245e99eaed800","1","No"
"0xcbb82d22b1624761b62bd807b01b7d491da8b4f5","1","No"
"0xc4f0377225b61166c7d6e41bac9589023d97d187","1","No"
"0x75be7f29f8241f1bac65a6c5aa5ac4ba9365ba11","1","No"
"0xc875a15956b4a47c8e85791d9891577eec762bc2","1","No"
"0xf55c02b021f91752521c0cb74303565f25baccb1","1","No"
"0x30c008198f4046eec4196e4581998e617b27c7fa","1","No"
"0x26fdc242eccc144971e558ff458a4ec21b75d4e8","1","No"
"0x16d23a44b8d0bf07269e07e0bc52fda3afacada7","1","No"
"0x4b80e11d2410f2029ae73628603840dffbf885aa","1","No"
"0xcb630c28658d8b4f0509d628d8d947e6f95ea20a","1","No"
"0x24621aa4dde07f04c57146d83468969010b7489e","1","No"
"0xd03ad690ed8065edfdc1e08197a3ebc71535a7ff","1","No"
"0xedaf58a4a3ee38b3ea6b4462278555fbabc6b361","1","No"
"0xc04c44ecb57c8dfb26bc232b70aa5d8b610c7d4a","1","No"
"0x642d38840ebfda55911f83b1cf8b5fcb1d5fce36","1","No"
"0xb4d8063b3446cec0c536208807241767a0ea6d18","1","No"
"0xc55d35af6a5ff6299ef3fb8632bbac6cce17dc8b","1","No"
"0xd976d3cc17d109889037175b2472af6ca970302d","1","No"
"0x8504a09352555ff1acf9c8a8d9fb5fdcc4161cbc","1","No"
"0x1ccb144b700ec726d37db38c617e154de6d9c0d0","1","No"
"0x885ea391039e0fa3f6833a1f3b6d7433b5b69bb6","1","No"
"0xad05b50b71d1c05e3309e9f99e633a21741b77d9","1","No"
"0xba14d1386d75f6305f78e75355f8a49069bbf755","1","No"
"0x8bc9755938a4a4e4db09d023b00d30b563d678a7","1","No"
"0xaec80b4fbe227198720b1d1b82a12968baa0b144","1","No"
"0x451a2f23b2a18f11ace266c4fe3943aea0d92cac","1","No"
"0x7773a2ee2461226000646112331ff43315f1e055","1","No"
"0x8e7ea7126a10df07b3ed6f425ebf7632d6df1548","1","No"
"0x27b0fc6c4a5a0cf213a570097279a5bde61214d2","1","No"
"0x49e53fb3d5bf1532febad88a1979e33a94844d1d","1","No"
"0x3b59e42d9f33906ff58813f9bb8be58b185d22f2","1","No"
"0x185f0bb3e2773fd6a63343301218e267a80f0424","1","No"
"0x92c0f0bdabc9577623a4da5661090dfe6baa9efd","1","No"
"0x7b29106c9e25df6074e555ed41b368e03f3b85ad","1","No"
"0x8330a84d3c16a55302f921c36979b1067418053a","1","No"
"0xa8ea179454f50083cfe79911dbb3b3e91f047979","1","No"
"0x1985ea157bb4f57bad5e0790761c13c254b6e1bc","1","No"
"0x2cc58dd8ed25c1449f0bfaa7e8fc68e2dfb02162","1","No"
"0x459da68fbf9e09c30ccdaacc377da70f4ea7bd27","1","No"
"0x8b88581440bdbfacbbdec0a9e00afa31d31f7656","1","No"
"0x98defba802b52d1fd68639bf7fc878ec339070d9","1","No"
"0x7f86c79c1d458b03c14e5a6c658100283a1c3cc1","1","No"
"0x7ff4f8fe1dbbba8dc27103359bf96e97a4d44114","1","No"
"0x8dbfa751e85ba82ed3a89df4ed9dfe472d879a89","1","No"
"0x94f19afac68d89eb7577087e6cf5819ab18ffd45","1","No"
"0x5ad7c70ac635b38d1ff1ebd5320374d6182444b0","1","No"
"0x696d181a7961ee66c42f1ebeddc0b48b106c45ad","1","No"
"0xde88d146f61463d582262a1dcdf6ea1323aba34a","1","No"
"0xc97370f22ed5ac4c7b24a8e1ca9d81febb3b9457","1","No"
"0x3aab9b3145df48a22ae337d50d1d66a3b2a3bda0","1","No"
"0xd65c95fabe3286e416580a826213688a2620390b","1","No"
"0x12cd3dca194161fe3535755075499f115982ee63","1","No"
"0x5cfc2c648ba36144644758f8d39553c0ce355fc6","1","No"
"0x64b5f9dd6f23269b966a4c3717e150a6dd264851","1","No"
"0x27695076ef87e7749ee7ca387f47549ee55dade3","1","No"
"0xcd75942b66c1a82d7e04f65a34ce7f93791fa8a8","1","No"
"0x939bac3bad78752763be4dd1da19e8e70995a408","1","No"
"0x1ac81fdcd10b27d2af73ef0f097159cdf0f0aa8a","1","No"
"0xbb7bb43af885549f1bbf5724213ee48b40ebee83","1","No"
"0xa293b747895a00804cca32638ce7029287f120d0","1","No"
"0x335d2d954cec61cb4673780300d890340a29dd99","1","No"
"0x91f7c7dc5a44276482c102178fe1d620b397c276","1","No"
"0xbe36a0f33c677acc378860d73c90a9ec6b0ced21","1","No"
"0xd2e1b76f81b71304daceec93f7d55d0a2abe2307","1","No"
"0xe19e26becff917f057ebb35217fdf4ab3252dffe","1","No"
"0xcf8e24538e6e8c6d7ca711f84539aeac0892e28b","1","No"
"0xf92f3b31380f3d4949821422074219a262d2ba47","1","No"
"0x080a75c96bf646cd9f78aaf8c9869a510e9c68bb","1","No"
"0x4fa4167b3c94a80416bbc768fb919bf3ace9f8c2","1","No"
"0x9c72c98535224c3c045a3d27ff981ed5a1d64d6e","1","No"
"0x83a1bb79dd0b4a9b89915902c3c796b0eeada9a1","1","No"
"0xeb3e1672c6b4de5111a68d6e3858012a547c19f6","1","No"
"0x721c7fffe9ac426a028e616677811f755fa99eba","1","No"
"0x597fc897b6ab221c18cf51a31cef41285597aef1","1","No"
"0xa1cad48e9844d850f066376e1f1e04147b16619e","1","No"
"0x127d60193f08626e168099fc2277e31f5a89b1a7","1","No"
"0x046f601cbcbfa162228897ac75c9b61daf5cee5f","1","No"
"0x635b230c3fdf6a466bb6dc3b9b51a8ceb0659b67","1","No"
"0xcf6646cea3018f33f757c95d3de3e6516b118c7e","1","No"
"0x0ff9b6ab6ec58ceb6d5ae8a1690dd5a0959ad002","1","No"
"0x4d246e41d7131ff60cd533c13bd2aafce7ab1265","1","No"
"0x344b1e4ac175f16d3ba40a688ca928e3768e275a","1","No"
"0x70ddb5abf21202602b57f4860ee1262a594a0086","1","No"
"0x707d306714ff28560f32bf9dae973bd33cd851c5","1","No"
"0x3551042c0b6176f0961f7345ee4177a16708ecf4","1","No"
"0x1b5b4fcedf1252cd92496a2fd5c593b39ac49b01","1","No"
"0xf6f35c56a3d70c47b8ae4628dc5db0e6ff30d2f8","1","No"
"0x92d12e9d46418d9464c572c95fc22bcf3a76c391","1","No"
"0x2d5823e8e8b4dfbf599a97566ff2a121cc141d60","1","No"
"0x675ef0c4374077734eace4409c6c2d68415ed177","1","No"
"0xf0f080b0ff503f6d59edbf8551df24d02c69deef","1","No"
"0x8fb4a0b2da50a7aaff1c7a29e2369e8923e68c4c","1","No"
"0x2f2b6054b0ddaa1f98915aeece7710d0ad106d2f","1","No"
"0x76ac6ad4e4e7c2e0b4ceeb30745bd53df3a85774","1","No"
"0xd7240943957ef00fe5f0f18eca7a92a1a3de91ac","1","No"
"0x00432772ed25d4eb3c6eb26dc461239b35cf8760","1","No"
"0x9d0e4c670b1c3f9213ee13c79f16e2852d158253","1","No"
"0x5a50ddde196bcd65e806273cd665739e3f5d0cf1","1","No"
"0x0aa3dceb1e65b8f7d3a58bed68054b1c81585002","1","No"
"0x4d477f1aabcfc2fc3fc9b802e861c013e0123ad9","1","No"
"0xcf603a4b0d42337dd9fde4998c092adc9c6c7fdb","1","No"
"0x767a60f295aedd958932088f9cd6a4951d8739b6","1","No"
"0xad4745844bc838a22c6d63213507bc888dee3fc4","1","No"
"0x0f8361ef329b43fa48ac66a7cd8f619c517274f1","1","No"
"0x1f9f2cea24f8abf8c6f1a159989f39a0624a7cd9","1","No"
"0x4c77de2ebfec748b948b2a2a2b4aba5083af3339","1","No"
"0x062132d1fec4fdc336b44c8b82a8d688f92add8c","1","No"
"0xe6983056e37f3d13a58bf59ccf71ced553f6c21f","1","No"
"0x4cafad19a180a1ded8030fbe58d11e566ea4ca1f","1","No"
"0xe5de835405edc53a2f370b217aba4200abeda20a","1","No"
"0xbbd45781ac12e6ab352d09d0b78ebc2ff8f9d2bd","1","No"
"0xcc88c05c444226ab6c793a46fb3ab505eef941b5","1","No"
"0x8ac128b670b4fdda8fd4ff8cea5b2a1ba97ba246","1","No"
"0xec13489d022102dde8234d8c22b25b0bed2e7b54","1","No"
"0xa76163ed21ab15bbc95f1c2e3125494937ede32e","1","No"
"0xdca368fd5c83470684c8eae069b6c7073df23132","1","No"
"0xab7b49bacd43bd4cfa41433d477f690bb9e1fb26","1","No"
"0xd24a5b3a49ec2ed0dace25f1debed07e340befc9","1","No"
"0x1aab5ad27515409cf96f8ee10c41e2fd8f0365dd","1","No"
"0x6c89e3a9df0d4be20ce685281c0096b05617fd8a","1","No"
"0xcaeb4cd829cac097772ba5647177a4c8780197e8","1","No"
"0x448fda59cda7c93d8e4476acf0847f27e9e2c605","1","No"
"0x5b74f72c10863f4104a1d2970894878420fad585","1","No"
"0xa94fed541bdc4c82a02db3c926dfcc85d63d526c","1","No"
"0xc4fb550fa8f2a6e5178711e56d5b48dedf897e5e","1","No"
"0x72ddc7cf64f8b5c899262674f565e5a4d759d886","1","No"
"0x616b1bc6875255bc323830722135ee3a3db5c75c","1","No"
"0xe92d559f99857114c610abef473c31be38e4a08b","1","No"
"0x5f1dbf6b9dba1b53da4d7d08996bc866ee9e93e3","1","No"
"0xa79f69d88679b98747fd58737eb2e0291c6e3d2d","1","No"
"0xf4ed23d21b252f0f210e64228ce4d004076de74f","1","No"
"0xcd5561b1be55c1fa4bba4749919a03219497b6ef","1","No"
"0x2ab4454f339f738e34ddf839f04d8b0abb014632","1","No"
"0x0d1456a83ce96e010db1fcba4e71bbc6c3a18452","1","No"
"0xb676d03c31653d86fd463059783e119df88e69de","1","No"
"0x95d8ac20b2377a00fcda7cf56709c4570edd40b7","1","No"
"0x6d25a1e9e176ab058e0f19e67bcbcaac2be96fa9","1","No"
"0x924f17026ab7e01147f892c3684c85f758775701","1","No"
"0xf8afa6338e9fabafc49469c32f5fbfe911ea7c04","1","No"
"0x39643f31647d78fe1ccfbd9b95c1155262a0f55c","1","No"
"0x060bbb0bcc744293a1e7df8dd7cc2ec81951bf94","1","No"
"0xda428be4f8e0ec294fc0647690073895f406c659","1","No"
"0xca23efd643660d5502c9096464e465d9c06ff56c","1","No"
"0x1dcb6aca2949a1ba6bc576c46c6f1da1b3ea6dd0","1","No"
"0xd6c0f3032b7876b504943cd5252c485d3168a849","1","No"
"0x9ae9b5e208dea9bffb62e1c88ea864eeca85e1ef","1","No"
"0xf335baa6e6ad984150a8526238808d2bff69869d","1","No"
"0x016d4da7c7cd614cd50149a373873ff090b9782e","1","No"
"0xd5b6b09a76ec1278f10e9ccbb1709f7f75cee125","1","No"
"0x495e06704e9c01199b0b83998d9160b305043234","1","No"
"0xec360a3b85a2229e2b9d0d965baa224fadd455fe","1","No"
"0xf3637714f1da3c899407b2130fbf2250c3fd74ae","1","No"
"0x3ba89593f94ee0480650bed3160f212cdfbd2ead","1","No"
"0xbe02293e12ee9fd9cb185f7bb5a9031f81781df7","1","No"
"0xb86141f68ea86eb20bb523bfe20b35839dca1157","1","No"
"0xae78b03aeec6e077a7fe4fa0b341284d0b0560fa","1","No"
"0xe6a630eacdc5a3621cbaf81c401fc34b4a7e4656","1","No"
"0xa995e316d4ae8c6d65dc055b68d0292fa0d24fa4","1","No"
"0x8a1890c305b1d583dcf19cfd208c52c23fac8d74","1","No"
"0xa96f69fcbf440ecd0a50e8bc351a59909398f6e6","1","No"
"0xc957e4ef89e5cc8b90ec42309fd5335615282a0b","1","No"
"0x8620459f4f82a495a65672db10e3f952f46bdee2","1","No"
"0xd45672a1300867a072a4c5a8d3ea8e9f41f85ada","1","No"
"0xb149827a0e8e7826a4cce3ecaf2e74ddc42b14f8","1","No"
"0x4bd0ba218b482a391a1e51cf4779ce04b60fd722","1","No"
"0x1ed71ca675436a301a10a3adc53e00a7bd2145a1","1","No"
"0x973c7026aff6f21b8df1d8228cb408c06ff7c7a7","1","No"
"0xb36617313528b5f5e195f681ffc87ed84273a92a","1","No"
"0x2d01964aea138c35433a29aaf96669796f884fbc","1","No"
"0xd05c9152117bb6244dbe5dc3bc23ff9ead8b0ce0","1","No"
"0x58d1c86922d050a129c78f76f1f91e73cf8b51ac","1","No"
"0xb84066fd214ac2b7ed1d606cd32835287840f826","1","No"
"0xcc707819708a144713dad266f22836ee4379ffc0","1","No"
"0x9ce2345707bc2eaf6015b879f30cbd301087c0b1","1","No"
"0xb30845c026325b993530eb89b3654fd596b5f2ba","1","No"
"0x66c844593c4d4859ae3cca5cf23040506f8ea801","1","No"
"0x75ca45395213e62db2906a1653f601072c63876c","1","No"
"0x55c464db5f62727439f1640955f911f5e5fb3433","1","No"
"0x890c4e184711df8d27a8afa5b626631c7c35757e","1","No"
"0xa2486e3e0964801d9e2519e324ade753c0c41f2f","1","No"
"0xccc93c66c6e80bf3d68bc63f546cbb42ab4895d6","1","No"
"0x014607f2d6477badd9d74bf2c5d6356e29a9b957","1","No"
"0x03369f6db2e2e77a2ef92b6295d6989cd68b8491","1","No"
"0x294388d7f62065784666f797ca6919a4b8cef4ab","1","No"
"0x29db953a27d602889ab11032bb1505801c987c49","1","No"
"0x00de3a8bdee6e682c3509d66a947d05a8ca797af","1","No"
"0x13b28fd1df2ec7dc8efabe7f15e2e7a8527c6e8f","1","No"
"0x5a375320f86c456d6b33498f8958531677dc880b","1","No"
"0x2bb6f794fa75dba6cc43e04c2e8818569bbcb830","1","No"
"0x9fd0302685041a2da452a69af947d3fcc8db75de","1","No"
"0xded91aa5e503764c8f2c24d1042078226092cb24","1","No"
"0x63cd5c7383ce8fe645e853db1813edbe54464119","1","No"
"0xc9939d399d77b0e0d947936e235b9e3ead77e2a9","1","No"
"0x10faa4db982b861ad4be47b2b94c5b4c6f1969d8","1","No"
"0x70d43f3f858aea98dc54306ead97e98bcf571b1b","1","No"
"0x58944799b0fdf8f13f134724741967c45f329ba3","1","No"
"0x73a4b191658d8b0a78a8001d79f9af03280c666a","1","No"
"0xb8a9c37240e8b72f42a88f1099e6c61dc3e96756","1","No"
"0xcd5c1bb777c937d993bc5e16e48b1669becc77aa","1","No"
"0x83fe5c3e4c020d80ab35b25cd40bc7cd3c66640f","1","No"
"0xb86c267d0b02a961caf3a6b530f3e1542612a6f2","1","No"
"0x3d0d364a3c7eecbea4a26ba4b18de44385e2b941","1","No"
"0xccd9f484c21653ffb13469e8670e722581018a15","1","No"
"0x82a1d70894b5a4df75b3d5f07b683f7e9b5a5194","1","No"
"0xde9672bd224c1386dda61db911de733f8e1eca9c","1","No"
"0x48dc139fcd166a7d9696f4e8362dee51a57a1431","1","No"
"0x407292ca2a8bf268f39098376c922b2b15cfff09","1","No"
"0x366e58737164430af4aed2856840be9bb148bdc7","1","No"
"0x6a62a664974939513f165703e76ab8e16ac8eb17","1","No"
"0xda8c0dc17495e84e86b37c77d713acacaae83cf2","1","No"
"0xd2208b5c2091d8c847d246509ed306bd6be9d200","1","No"
"0x130cef54df606018bfbd642b77c9d8fe70af09cd","1","No"
"0x2e5300eabf71950b00ddd6a59690cfd8852ad3b9","1","No"
"0x17dfd18987b6b131686fea478600b75d11193335","1","No"
"0x1ba1ff69f03d38af7ef40e3afdc53ad073eb4642","1","No"
"0x8307c24da8f8562be3156374c28f886d30b42947","1","No"
"0xfcb12c913e4a66e37ff42dbc3a920d2670a5b204","1","No"
"0x8fa3232ff0a45de66f1810096189a0f6f4ea8724","1","No"
"0xe7cf8fce5e83e07e56e2ebfeb7651f459c47217b","1","No"
"0x4131826eafdcb7dcd855fae9098ec693165f157d","1","No"
"0xf507555538fd0537922e70817780908ad132d3eb","1","No"
"0xab06e86d240a5f515ea6d16c3530c6596f8bb774","1","No"
"0xe40987f8ca51d3f72947400a7459e66db2715bc1","1","No"
"0x27a69ffba1e939ddcfecc8c7e0f967b872bac65c","1","No"
"0x04b6ea5a19b8945eddc4a141408ec34c2a55a34e","1","No"
"0x1bbd33a95889c76931ddcd072c2f74b12cf4af17","1","No"
"0x57748ecb251f2ec36027bf8b7b2c13b69b8e5222","1","No"
"0xb2f456886367c8e50566377ec6d9293d4da5bb81","1","No"
"0x0608ea05f2272bd4da79a8d8262ce9e3dfa5e3fa","1","No"
"0x05f78c7f3e79c3a6c453d188b013e3812e52cabb","1","No"
"0x9b681730a8ae661d0f0cbb5b6375380f10b0befd","1","No"
"0xf5b18c7bb5d760a7c899e0c48d855dc5a49f1949","1","No"
"0x327b9dee1830f8201efa751fd96f7b1ad0b300a1","1","No"
"0x66b190d7efe49fc082e8872a9c8ace703dc80588","1","No"
"0xdb57f1613ef9d26af65bcc5dd197a9f31a5aa091","1","No"
"0x50c2b9c3acda872dd71d88aa2c198aed0b788e5b","1","No"
"0x0b41b1a7e107e2b126ce02d54f163531164e7894","1","No"
"0x7824d7ae24ee595750e970afe61123573ad3ad27","1","No"
"0xe07e4b9ca25bcea42fe5410f5b9364916493cff0","1","No"
"0xf201b83ab58b2e72cdcf8ffffd05fdc43032abee","1","No"
"0x2bbedc3f5096ac732abf974ad54e41ac61c1f5b2","1","No"
"0xc20edb73c8af7da072e45f3d364d1504f80bab0c","1","No"
"0x6caf4eeebbe18f85ece1de8ecbdf31ae1c53ded5","1","No"
"0x7302c7e150ae4d035cf9e71f09580d59ce61fa54","1","No"
"0x4c7f1f1354b03fd1ace3f549977f8e848ec430e4","1","No"
"0xff6b985d17ac578b5e8dbad4659dd970483b08e8","1","No"
"0xdadef4b1f0f542193edd7345a762bad5c12a7375","1","No"
"0xb43f8f3c1b2e4ccfd9535a0501dd857bac7b7c21","1","No"
"0x8b100a07903a36587df5b333cf65120e82c9eeb5","1","No"
"0x9a8dad4b5025bef44a5622a850f1e946b58c5cc7","1","No"
"0xd2516a2222ad632b271bf5a0d50c2482dfb4123f","1","No"
"0xc39c8e7f820ac3b32283bccfe367870a290f9035","1","No"
"0x4dbfce0d1e297524631b6a26852572380cd56aad","1","No"
"0xff0ed55765e30d6479da6919d15db2fc9410299e","1","No"
"0x4c8067db4933e00e9b7638d3d66d2b58181887c1","1","No"
"0xb7919ad276b1e77e29b8ae75837517a1522f8d0a","1","No"
"0xcbcc36af59675e7b291dcbcf7c5adc7b9894969d","1","No"
"0xf567a2325429ac5aac4f6fe6aa99e208baab71ff","1","No"
"0x7ee58c703c3a93838b2e86639fee62d3815b6bac","1","No"
"0x9af46bec9987a7f71a60e53f846747e7ab522d8d","1","No"
"0xa4b388f778ff8e1e024dde9ed129a82354692eed","1","No"
"0x0279e4db6596933aab0d7d3a11c74b01fd44e344","1","No"
"0x3b5362ceb3c417148bbec31c7927c65ff7987326","1","No"
"0x2659c70663762de8a1eaef4d9d5947d56a778588","1","No"
"0x26b7929ce02124e8ff4aa380da99f92abc45f167","1","No"
"0x7ebf6c693dd590d5b17b6f1b532592173bba36c4","1","No"
"0x92d2eeacf8c6926d904e7bbf692439ce61641555","1","No"
"0x77d4c4263490ce26c0689c214451ab6e9f7ef800","1","No"
"0x8526a1962c498aa32af5771515335ce1be976678","1","No"
"0xb8fc1b83c3668ae2e805a94dbd40aac5dadb4c68","1","No"
"0x0da1d27ab726669ed32ff3963cd9167ffaa04742","1","No"
"0x7cb38495e166d04d9b02e83de75bde9515839500","1","No"
"0x7a586b81960b935f5d1780c57d89712525723d5e","1","No"
"0x66d8137e644fb7d03eeffd6b45eef812da3dcbb3","1","No"
"0x9565cc685b367d2d9a3b224a9d01751428c3cd03","1","No"
"0xfade7def5cc017c098a2d47db1f043c6123f968c","1","No"
"0x86ce032489383ec0564bad2ed868048f0b1030f2","1","No"
"0x7f3cd654d6de6073f9d5a91569196ee2b84f003a","1","No"
"0xfe1d7c5889ad8b283b6d9e42604d8fb37d6391f3","1","No"
"0x19aaf3138e5859294679f19af871a12aac4c8880","1","No"
"0xc2006d4ac8b0340317ca0242151842dcf5c19393","1","No"
"0x4e6f358c8d0e154eb355ddb02df51885fb9e43f6","1","No"
"0x461b263b931193dd0cfa4045c75ee880305fdfaf","1","No"
"0x43219c42267d999e7de95dbf4db5ad95042e7be2","1","No"
"0xfa7d2a71d2852f722caf216669e540d625baa1e1","1","No"
"0xaf43d3c6a1362ca33fbba27d16959deb454f72ae","1","No"
"0xd896c64fae3f8eb6b0c09cb0d26d56c0d2d695a4","1","No"
"0xaa18448eb19cd801c63f05176d095b66e78e8a00","1","No"
"0x9a2fc4b3b22709f999b3bac0590a47f6507d2635","1","No"
"0x7298e9850d57ca5150195a41d7cc34f8fc6b3afa","1","No"
"0x0fbed08f678ad127600a740f4758cb82d7c761b8","1","No"
"0x3cbda54c6dc2858c44dd35dbdbe83f9f4fd7475a","1","No"
"0xf4f26672e1c1c85f7251979497729506cb46e97d","1","No"
"0xb3cfaa16368a907bf8f195e27eda60b0477a8a5c","1","No"
"0xcd01a3aced67e266be21117376c7025b384cd4d7","1","No"
"0x60924cce392bb442220db8c867de4b56b6a8fa33","1","No"
"0x9622d9a65e80f48f7d93cb8d41d1a3626cb0949e","1","No"
"0xe9a8e5b01bae2866fcb237036a909882c66f830b","1","No"
"0x289c44ab3f461127af1f04fc80f8b54fc3ff7316","1","No"
"0x9ceb04becbe3c790ca6a2bb0a58207f192bf0f06","1","No"
"0x989289216a7948b3ef3180b7543d816944e0c713","1","No"
"0x237d29b88ac4dffb3a3d6cc3d7fc407bcd8459c9","1","No"
"0x16ca503edbbccfbbe2520613343770ab863ecf92","1","No"
"0x139996f03378e1a6b5decf2c58b20926e75b7ac4","1","No"
"0x7212669fa095dd654ab5231c817be8980863bf01","1","No"
"0x2027085291a27394888acc53785b4179f060e145","1","No"
"0x223cf852a2320b7d451bbf5ff8e97cc3aa6fec9b","1","No"
"0x59c2d175b1507a7475f19d1129d6d9b5cc9c127f","1","No"
"0x325b3edfe868631c77cca84fd3570a52e324837e","1","No"
"0xa6446c760daab33cd129feb25b8a56a68d9ae796","1","No"
"0x0000000813b34008a225de08a6a61835508c71f9","1","No"
"0x1111111648cca5d28dc85e0b0b04b735491fd9ad","1","No"
"0x55555554ebdfe8503ecf0350cd7c069e1134d716","1","No"
"0x88888882bb6125af160999e91bca82b56e0b819b","1","No"
"0x7f2efd53dd24470f8e2a6ce45d34fad736ac830f","1","No"
"0xe5bd4145b51e35a2c49ae8df4f0065da449d6523","1","No"
"0xb37b54db1cdb7ca82df3eb372067fa94ac962882","1","No"
"0xfa667af4291fe3013c34ecc6d2ace5142144a818","1","No"
"0xb678692aa34b8b51ed53f358d2c3d4355d2f2750","1","No"
"0x48c457867ddefe44737307367f651ac9c0792048","1","No"
"0x065d1087b64cae99db10858e58fa64c403781007","1","No"
"0x2a8bc27e9312d0ffb981cefb6b95c65fa2a9f9d2","1","No"
"0x40fb8e2672420dfc09e5b6b23175124fcbf3c9b8","1","No"
"0xc5354aae4d5cd4492c965c688b616b2cd0c95337","1","No"
"0xca8a8247102785eb6d6a59bdc790a1ffddbd16c5","1","No"
"0x70a63c05932f74e5803427e9fe75570618bd1766","1","No"
"0x3420c19bcd121e6febcc20fd502b14a71c2f857b","1","No"
"0xd73f607911967e716e9c275e71831d90c22e9bc2","1","No"
"0x371ea1e8fcb52083a2a6ee8bb44bb5540939fb82","1","No"
"0xea2995766da4eacf5e77178faf26b207e9cdbd63","1","No"
"0x29bed086b7582a84dd1f290a37e9ea75fe7e8125","1","No"
"0x481bb04f60dd1f7d6ec0a3611ed8023e618697cb","1","No"
"0x43d9eca4c5613c357583e2dd1f6f0ae6dbe4612e","1","No"
"0x25ad2667b19e866109c1a93102b816730a6aec3f","1","No"
"0xe9ff9e087d10266aa4afb352faea299d4adcd24d","1","No"
"0x36fd38a212124a936c593f9c66163bd2f8445845","1","No"
"0x66e9545a2d57a17052314263d96b226cb7bdfddf","1","No"
"0x76ec2f3d9628dcc71e55178dbf26e8a19c5dd4ba","1","No"
"0xf8d1945a52a44cd1e05fdb8a52b21d5dea22575a","1","No"
"0xe98e84eb14cab1fa024d566d1e8b24beb25a1b9b","1","No"
"0x8d0172e88bd400884708318bac77bc69f76ae082","1","No"
"0x0f7974fc4a15ad9e0c177748264beea72af7749a","1","No"
"0x9042e6ae837cbe031febdd4ee3726a594fa65754","1","No"
"0x0935b870a027861bee3cc0b2ef24f5d194aed16a","1","No"
"0xcdf91269d4e4bba12f8f3c82be7a13e4a1d4b3bb","1","No"
"0x10865b0acb89cce3850d217f22cd98946cf3605c","1","No"
"0x57b07f71766233ff17dbb0283ec873660cdbaf81","1","No"
"0xc18a50c2fa46a3be4acd3ca6199e5d56ec7b36f0","1","No"
"0x77777777174870c5067e39dff228d2db44f52b6a","1","No"
"0x88888888630a14a066db7943708032e8fa37a75a","1","No"
"0xab88170aa3d24b1f6c1b37ffba5d3d2c4382afa2","1","No"
"0xf19abe79db308e8c8ce3f0aee843e871548d1ad0","1","No"
"0xdd59f38d83e8467dd27ea493ff9124643bfcddbe","1","No"
"0xdd0573fc59b39f0d457b2427cf8f2c86cdacd08f","1","No"
"0xaa8788b9bb3ab645174b9734d8552d59f66abf24","1","No"
"0xd704791c76879e491b43f56f8d5a43ee75b53ff4","1","No"
"0xf30eb896e135dbff1c6ebe605728416e3911c1eb","1","No"
"0x93cb1193f316f218eb2daf0c7b958913da39b699","1","No"
"0x877af5bf0e8dc66ab94db93f71ceea589d419d16","1","No"
"0xd9e2cbfebc5c41bd04c87ff382e45bb6df490feb","1","No"
"0xe268b8acf5f4e0892008b48a3b509673c9eaa432","1","No"
"0xf42ad66f4b66628584f2e97421a008d62a8f116c","1","No"
"0xb6c7db1ce916d695839d51be20febbba61c8c1e0","1","No"
"0x395f23d33e981d6e1b5930571955c7358b3a14e8","1","No"
"0x98fbcb06dd09547e535f0762a03db4456afcc494","1","No"
"0x0f7e46d4a4397d06d43567c9f161ec2bba57cf8e","1","No"
"0xf860a0245daae01ae1329d2aeee6717c3f3f06ee","1","No"
"0x261e1fbc2d5c7200de55289dfab9ebbc5fd585be","1","No"
"0xe81b63111a88bf9a5b22832ef594ea7a2d487824","1","No"
"0x846ca3b73b2e0c956abc90f3cf456333fe1c9018","1","No"
"0x135e60d23b3cd2c62b7cb582cc5bbe1c1fbd7238","1","No"
"0x7c5c0816819e0bd13146f1e7747f4786a59100a7","1","No"
"0xdfa2b1616311274811c4651c1e00b199364f7c60","1","No"
"0xdcbf92f425696eea32582602a512aad8355be101","1","No"
"0x899ca2f14ae1944dff85cf3aee2b7ad666a313d2","1","No"
"0xe2f74e49732cb561c9b1df6023d8911b571614c7","1","No"
"0x33a74ed005785a83295d3ebe7e9fee647c3b4246","1","No"
"0x4077d248d405e29da00c7c0553b2a808676bd70c","1","No"
"0x3e05cce61e399e9d8be484f0ac40d2cf8221abdb","1","No"
"0xdb69d20cbd2ca8568839073c9651974661be806d","1","No"
"0xb73d5695f658366eb47a52d5337acf0cf8301327","1","No"
"0xde132e547a6b88070cb29ba2b942160375a27334","1","No"
"0x8a7f59a08affa649b4fe8ef3da6b192f673e7b1f","1","No"
"0xb06e5a34a47c547dff8bd9f994ee2aa9c0602c66","1","No"
"0xb7fd64533c25c0f9efe1bc4b1a7b16156eb507cb","1","No"
"0x24d886d4783766ff2416400f048065a58d3ed1f4","1","No"
"0xca1555e4821627db6309b4f4789b0b00b17a2fd9","1","No"
"0x5b255722bfdcb5c1b4cb2eb851e30017e0798e6f","1","No"
"0xb583f1f88596315ee2ed18cc0a951b3eaad270f4","1","No"
"0x126660780ed3ce973e2335115e204052a29600cd","1","No"
"0xe959bb8361cb46dfc230bf24884fd02f66961f8a","1","No"
"0x3066856ed81b4f9c9c83f756c5a28c76bd8ef4a3","1","No"
"0xcbdce9fe1d9567dbe3decfffc6076b7d53061855","1","No"
"0x4ea66683864b0e11b83b44d370b8945cd7ad1aa8","1","No"
"0x5f82bb7418cf3230f101a01b3f40f2113a5956dd","1","No"
"0xd9747177615e18ee9d67e3c702dcb139f7e42044","1","No"
"0x1acea492e78dc5d2ba007ff0a68f55dc4bb05ee9","1","No"
"0x31d52a9dffc62ff63178893c94d9de6d46b1aec9","1","No"
"0x47971377ff59a50076f049721a667361a69788d6","1","No"
"0xa75bc1ed6e676c700dc80a919922fdfaab37a73c","1","No"
"0x7eab55f3fe6d89ae5caf81c20f4037ddf36b4025","1","No"
"0x84f220bf9e7b77f2db424b17ca579f2ec18cc100","1","No"
"0x0390155199d42ab46ae0ed73a2736061ad13577f","1","No"
"0x7cedb8f0fa1b0ce986f750b745acf076c4e5a10b","1","No"
"0xf53a9ceb1da5f49bb4788bd01c72ee243133935b","1","No"
"0xe75002b41e2b8d0bfa53171c0a0ee76ff9ed9748","1","No"
"0x5bf5bc6695b4f64fe8a204e1d3d94f58dd061038","1","No"
"0x8bace51e4c478aeff8fb72ad323a79755f27aefa","1","No"
"0xbf8483a5706fff58b883ff1e24d26c6ed75bd7ae","1","No"
"0xbff7e7c0f2cb2c05d914d6855339ca48c6fb7309","1","No"
"0x6d6d52bc7962a0f5539e3bedd9e4480c2b3e1798","1","No"
"0x896b23087c521916a208c7a48606c59e0694db6f","1","No"
"0x602cab76ddf0ef6b58f5a390dc15d87daba41339","1","No"
"0x30a56ab7aa837cc4c33944ea0bd155d45b332c23","1","No"
"0x270d270e5b4d1d6179a8ea4098cd963c11e64cf8","1","No"
"0xcf00f8d4bdcbfe196a5b591009c73a71aad5446d","1","No"
"0x23fcd2644d74df98130caa12bf980af7c0dd2b85","1","No"
"0x289d1955e6bacd8ad7dd8db6e3dfe162c1622f84","1","No"
"0x3891e54bb321a2889c6fbfd8efaf5d536627550c","1","No"
"0xe6f00bdd9ce864db6f6a8852ace270d941fc8b50","1","No"
"0x3d93b4e055252526dba09f9cbb198e7be7f43031","1","No"
"0xf67f174b43b142919bf7e05eac0e36a1c741d3d6","1","No"
"0xa6c1751321d9416eaa24e4a3be14654d3a45e62a","1","No"
"0x406afb2203be2b14d83bd3e5eebd621e2ba7f910","1","No"
"0x298854f97350790d46bbbe2934a150332974e983","1","No"
"0x6145d34eb81a138367cf4c0ea1914333b2d157d1","1","No"
"0xbb49532c4d4e1a02aab2ae7cf9ccd4b09401ceae","1","No"
"0x3042eff0debf88da6276dd3d6eaa4db827ad1d89","1","No"
"0x8e2670edca0d0281195f6b856f5cfc771aa839a9","1","No"
"0x9b13ebdaf067738c6b2476354efb2cfe12d74f51","1","No"
"0x833a0454bd5ebcb9f56b0fe9f8b857fbe094934b","1","No"
"0x686ddcf9b7e2d6660ee4cf02757588245a4cb3e1","1","No"
"0xd04021f77fd98077c03be1a19f4b5a233cdc5824","1","No"
"0xd046f4b21788693bb029dd6607549592be67caef","1","No"
"0xdd148ac4f9d5c551ebb9716ce2bcf7985ae776dc","1","No"
"0x50bbffa58d45fa3050c729edb2b8ef74bc49f0f6","1","No"
"0x9c34781d407b39bcc330ecc0b2fef1f736388bea","1","No"
"0xd7f68580b8071871723a7e201bd1a109688185da","1","No"
"0xaab4cfad6b8cd9fb0ab22e3d1825aee181de650c","1","No"
"0x5235786742691445b2d6714e134ac8be7fc99781","1","No"
"0x82c5ea5660d56456720be16ea33d8484f08c3838","1","No"
"0x06e2224d72dbc2764e3e9d217b03addae8d22006","1","No"
"0x91d6e70676b39a45d9d1198ab01319a810ce7618","1","No"
"0x5685d07153e3f446d267bf7bcb9e0c64a98c3567","1","No"
"0x677cb288764ae02a112bac05fc34d747f9916580","1","No"
"0x85b838661921121a2974ce6348306bfb11d617c9","1","No"
"0xbec1631ce7919960981e3874a69c773dca968530","1","No"
"0x1ba17b274935ba2bee1a9c6999b122274a4ab520","1","No"
"0xf5e3243fbff6cdeff30d8525896728833f7cc8e7","1","No"
"0x060d25d363fff0a7a1828803d0616d15b92fccc1","1","No"
"0xea027de5184469cbc24711caf5c688a334abcd6c","1","No"
"0xf4ceec8de7ca65c1080b9f0f21f25e433b4594d2","1","No"
"0x5897a2b2faffc28036a780c245a261269ff663dc","1","No"
"0xd8292d72c0a4cfef4c8bf478e69eca69aedb60b9","1","No"
"0xaa453b73773eefa186abb4db5e9d3c42a332a49c","1","No"
"0xd4d12a285316e9504218da1f71f9515061ed682f","1","No"
"0x0ac71a1ed2afa45cc4b29fe734a9e28c980f61e6","1","No"
"0x7cd45f3e5ea43e70c4a2dce46863e7acde5e8774","1","No"
"0xb6358406e7904c47bfe804ecae282e16d832f5f4","1","No"
"0x373be74324aff93be17fce300173aaebb999e7ba","1","No"
"0xd8c02987d2133a4b99c45c1bbd6db8a3bc2a5717","1","No"
"0x1729f49b2866f5a8c2d2d31fce9a6cdcac6018e0","1","No"
"0x382a3c082c06543f4f59a88edd9a64eb41410996","1","No"
"0xc7c8e9003ce878c4011695c28a1a0e1ee2bb483d","1","No"
"0xd1570080bcb784b4f5e378dfd4cdffdfd6c110f6","1","No"
"0x7021c13794a1a2a789e90657cb7f103b01d745bc","1","No"
"0x0659d1f0962bd0b5003b85f427d0bb9a339475b4","1","No"
"0xdb2650116d1b494e74179be1be81edf4ca4e618a","1","No"
"0xac57c093c9e914e338cfa75e2803c0ba6f324426","1","No"
"0x17061b08892224811aeefa2152118eaa337614ac","1","No"
"0x2c1a6ba3c4e42cae7d4fb3542f6197fee33e04f7","1","No"
"0x225933f8594e980d9d4b75ff744a46be10d48f3c","1","No"
"0xfd0623a835e3663f03e73c208566bd9e90e475cb","1","No"
"0xf2fe58b8d76f72d70a3408aec6e64c17e4e0bd7e","1","No"
"0x49067a909da9a03732859d783afe7c290899bcd2","1","No"
"0xca2be2d03dc57ad7089ee4537d98311a5120c7c3","1","No"
"0x4e3344a5fb27a92f608bc36f306fc98c4f57e831","1","No"
"0x988c0e022377d627347c6405c569648ed970fdc8","1","No"
"0xb47b6de3882c375d917a4e6a03ec571c7232930b","1","No"
"0xa1ed54eaa547be31880ccfe41cef8c7b39c57b43","1","No"
"0xb7c21c7112fbee258df6903d259c03ccaaa6bc7f","1","No"
"0xa1b5af8eccc097fac2a68f878754aa8202092bab","1","No"
"0x064a768bb4e79f22ba0dcb3c5d2421ae32d51003","1","No"
"0x1eda14da76e7e56dc001d9d1a47cae888fd14e5b","1","No"
"0xdc1fa15c96720541ba91cf2843db42732a555812","1","No"
"0xaf1a1214156791c00a5cf170b28392fa144a09bf","1","No"
"0xe8fdb0e8e315e1a92cfee49dc4620130eeb0cac8","1","No"
"0xbbf829dc110773efd66b5fe0810197d52188e884","1","No"
"0xa849cda4c2c41b7b0db54b360bbdc6e00eb69a7a","1","No"
"0x720e9ff5e101f48b498cc8f47cf5119516d36d5a","1","No"
"0xd80a411113142781584e2f1bf2af4414007d9d9c","1","No"
"0x5d1f49e9e0ec76262cd0d86b22717305609702fd","1","No"
"0x1a5da809b313ee593b3bba6b063f747e2288acb6","1","No"
"0x4c48a7427eb820217c8970c3952b1625ced42574","1","No"
"0x85d33380514aba3ae6cf1c58ad9717a2b1cf0272","1","No"
"0x77f4d7681b33c9c10c4b6e389920eee2c2c54701","1","No"
"0x83302d6277caabad80eaafaf06897ddbc8d8fb5b","1","No"
"0xa84dd1dd576ae6d877c1b7630fc4c991a15b8a70","1","No"
"0xed9b2a30a48c267782f94edd9e692736e9a2d586","1","No"
"0x8fe52391dd6b42d30995c3206e23a4444703c594","1","No"
"0xac35b645b14d8252d49df77948ef3c215f2ec13f","1","No"
"0xa8e9e4d0f213736b463ebeff5b92dc8ef873f772","1","No"
"0x177821cbe97b3eb0a20de1fd534bc7160cbcd76e","1","No"
"0xeed188ade0e5af69b6ff7cb33fd490b6a0904218","1","No"
"0xa38f82506c3ab79816d625ad286574133fc6f4e9","1","No"
"0x910c60c049d833a7fd2f5bda310bbea1c5fa3598","1","No"
"0x7005c3f79dc4ffcb50bbc5a9ec5fa599f795b527","1","No"
"0x9d75b8717aa34258dea1afd74306cb41e30f7b3f","1","No"
"0xac395a12cd0b1bf56e4c832bffb60e723953cd5b","1","No"
"0x6da1c4e7ce54e41e41805bb849fe4ff88ceac606","1","No"
"0x611a6ed28cb59dee17df7b579bf3796b10e326a6","1","No"
"0x068b0c28ebc4f88a3305f8c4a685985f4a8225f7","1","No"
"0xaf0827353b3450abc4edfda43cd36137aa0c1202","1","No"
"0xbbcd2582ecd8404950d76bf98fc7c745acf5b3a6","1","No"
"0xae482cade75030950859bb2c4c24b753ca9394a9","1","No"
"0x285ab8b73531a59bcb01b7f2028a66aa377e697b","1","No"
"0xf90bc50317f524597ef069976ffae371d9460c09","1","No"
"0x3f2b31757f862ded7b98c6621b53b6656c199e6a","1","No"
"0x04e96cdcfbcce8c972c5f976117784933e0cc6af","1","No"
"0x49e439ba390365227bffda1f759c4d6407e9d3ed","1","No"
"0x20879c965b29a728ef87a2eb391e8bd8f6cd0dc0","1","No"
"0x5dd0fad326fd1c906744ed43f7f5e860f1681080","1","No"
"0xf714bf31a65d611e41dceb91a48bfc355f44b738","1","No"
"0xb4577f812ff263ec939a343c467ab4faf423ded3","1","No"
"0xe4325125d5799b94cf7ec98488945714108732ec","1","No"
"0xf7421b03e0bd887aa1d7bcfd6115e7c818d9df68","1","No"
"0xc6c34f9d6274003fd5c57e2cac0491dd9f30b386","1","No"
"0xcb217d8f5e9907ccd5245a39d84a29477c5051a7","1","No"
"0xc139e74affd7f2f551bf18b89226a2e4b27636dd","1","No"
"0x45f233399c7e79b459722053cf96cbe7155b206a","1","No"
"0xf09b5894b22b59716e4882a90e6a45c5d399101a","1","No"
"0x5eaffaebe98938af6e9175cdd53f6bd7d21b18f7","1","No"
"0x3083d29102f5447a00cde3c3b28b39650cd131ef","1","No"
"0xab89e4a92afcb9954fda95fdfd11dabc792bf919","1","No"
"0x65324ee648f1641dfac22eb0994f0dd1ea12a7ef","1","No"
"0xa1ebc0aa38091c132044b876b8c1fde8394e955a","1","No"
"0x774984c93c9207b23479fa2dccccfb1d1a38efe2","1","No"
"0x24157f65d8f9a045ed6c2ef21745788525f5a7a0","1","No"
"0xd6fd898124d95fb46ac7d055fb1b0b5e0985dc72","1","No"
"0xbcdd7068813522ec00aba126105a62ba5afd14f0","1","No"
"0xa8f26442bafd363e30d65c98d1ea794b58cbd529","1","No"
"0xe0203c6964943fd491459750802444844ec4c3ac","1","No"
"0xd56a853b1afeafb7eace41f06d59175312335af5","1","No"
"0xf823dd8c0161c8454978f369fe711127e4f3164e","1","No"
"0x9675222610612ce7ba7ef2a2b0e8bb7c6c0ea845","1","No"
"0x63563609b1a41a4579fba23b05a7f178b9ff08ee","1","No"
"0xfec269a3d9e588a18503a079788d39da6a55a151","1","No"
"0x1850da93a7bb211a55e5a89716c520d37cf88bc6","1","No"
"0x95f388e644ec50059f80925e6152a4605d572b3d","1","No"
"0x57f6497e460cefdd52e7aa26de3b99784d30d336","1","No"
"0x76a3622edb5c23c9c3a7a705e083341f7534c737","1","No"
"0xa4f82b9d6b9ee066d79930c745539e80ae6c12d6","1","No"
"0xd14db4b2b3979be3eeed7e84b80f2cb5315fdd44","1","No"
"0x80873f1a942627cb78bd1cdcc2b351d95c28e0a4","1","No"
"0x1a9d278b73ae75c6ff67c82b5a427d47e382ac40","1","No"
"0xcb8d2b7ead54f745e43ef48ad0efc45e20667aaa","1","No"
"0x274fc04a6a4c6504f692b94bdb089c7ab2106dfd","1","No"
"0x2d44cc4992684256b637f3c63731f1b7cdfa1c19","1","No"
"0x4abdff260515e239e31b8d882496c58a1fe40755","1","No"
"0x69495f27056172b854a56bc2b5fb45e4474de17f","1","No"
"0x9ea18e37e41baef39e97aeabb7686d6135047082","1","No"
"0xac7e6dc694204dee9076100e195cae95240cc920","1","No"
"0xf24ce80bec7204882b1989e83ab3f9c505c374ee","1","No"
"0x19f4312527350040124f0c398e1d46852fe27da7","1","No"
"0x1286cbddc7b2cd1a2f32fe920a4fe775643642a8","1","No"
"0x790d45e3141a55a3fc7cf82cee91d1897dddb6fb","1","No"
"0xe4cce77b3b0ae6d4b9ef87a6aa164c7ab9d681c4","1","No"
"0x6023da82c84572527c25d45bc1347aeea9660c2b","1","No"
"0xab5e98a8c26ba6c77ddf778fc3d1f90eaacfdcfd","1","No"
"0xb2fbbd8d420045b6dd06fd9ac1de64af0a5830e0","1","No"
"0xc7f50fd51a6f089a630e139c2564021360c8607f","1","No"
"0x911a52ef289c30877bdb0712e457479966ad8ad8","1","No"
"0x67bed4ffc56f8ede5b8b51779bddcb05360f6c0b","1","No"
"0xb1dbb6f6d5b9b0e9614da755459a42ce0e849a05","1","No"
"0xa45e4da10f86579ff2d37cbf29fc7b27c08a22fa","1","No"
"0x7f59ce98c06986631c8ff5b1dc11bb855a719945","1","No"
"0xa0e392b64a76912452c99c4d6b954ca72d83e7f4","1","No"
"0x5da2ae0c42b997cad72cec407091fde0671e5f22","1","No"
"0x177312520b19bc40bebdc101b34dcf0c9a063548","1","No"
"0x3aef95f310b1b6023ebd1d3b77fcbc4e285387db","1","No"
"0xe893c736e858972ee7137439444c6c98ab8dc1e6","1","No"
"0x907e385eb539f368743b39f686573b118b051ad4","1","No"
"0x474161dc9eaf5e657033fc9a8bc240a1fb4e0e3c","1","No"
"0xb97f9c813040e166ad54648f5f02854599265464","1","No"
"0xafde4aa94ace16809249d2bf2c685cc474f485d4","1","No"
"0x3418adbef1a28a71de60900de7ad3def97207e12","1","No"
"0x506ac1d1bd4e32f4ed85d1df33d267e06533dc67","1","No"
"0x7c958dce997debd6d28758861ed4ec293e998457","1","No"
"0xca91c05dac90ccc3cfaf44d2b8b1c7d54d6ad031","1","No"
"0xda560cc9b7b8e8a80befc71fc9c69489b9a7371c","1","No"
"0x242f20589e3aa594d5014a58501f376861984f65","1","No"
"0x87a3f9fbc5dfade8165454f4470414c1c02e23b1","1","No"
"0xd138e728da8dfea942808d6993bb1678b00fde6b","1","No"
"0x7c6be96b07bef69dc600c2121e1649136986b67e","1","No"
"0x7d6a76de63da755145e988719c165277e6c6beb2","1","No"
"0xe744281d854c9d68a20d9b8f6fec0aa0bb0af2de","1","No"
"0x22c761396c173151b130134b3981eafeaa8c5d52","1","No"
"0x9308cf07c7110176179e9a0fbb92c09c032963c8","1","No"
"0x09dcb7236ca7899a2c3bf80f7c4e257e73f6dd9b","1","No"
"0x698fa8dfa821489cf4b69225347f28a56e3c3129","1","No"
"0x5d2b6defe8799c7c65f53f26ede59e9464647829","1","No"
"0x3cd5715e4d5ac10696d04f5e8ac358a0402381b9","1","No"
"0xed67f2db8c7165e8d691a148d611a58e634986d2","1","No"
"0xdb74118e3ab9c878b4870b7dcae9a9ca6e85f079","1","No"
"0x805ed1e3ae94f5c7a75d7679e32e3fb78f612e90","1","No"
"0xbc08dbaf7cc2ed83bd9689f335367d3e85ca5b7a","1","No"
"0x501783e585936116220b5028c4c22dc9fdb991bc","1","No"
"0x6d8624cdc097a525e8b36763c6df284b15dc8d64","1","No"
"0xef5c2fd73e55dde74334cea3171ce6cdc8824d52","1","No"
"0x61b4002874d9bbf48588bd99c83680fc890b952b","1","No"
"0xae2cac251f81bb41856b3ebc5b4596abba815349","1","No"
"0x6ebd772f1f85009a0ca3a34325da8ed5bcee3f40","1","No"
"0x44f21c2615524327874bddbf6a9669b3a175f21e","1","No"
"0xd4d71b709bcc500b60d0ae36dcfb4f6183746087","1","No"
"0xfed5b6f65d42af35b87795f5c05da2ac07a8aa4e","1","No"
"0x2717c9bb0a00bc15939aa94eb732d163471688a1","1","No"
"0x1111115195b95dd899e06952e6a26bfc901d8974","1","No"
"0x88888868f030e70509b4b5765bf1c1e383ee0bff","1","No"
"0x6a9bc308d04ddb0fedeecec64b843161e72ffa38","1","No"
"0x9ddd4b0b58a0ac5479e917a5a69d4dbe45154358","1","No"
"0xc34fe121c3f352a4ea4acf950e949343f1557602","1","No"
"0x0bba0474aae69bdcfa77dff539e7c167e76798b8","1","No"
"0x4dc2d70f426df35eeaaea90a8e98b87b10f500d6","1","No"
"0x8776e2440d3dc2a77fca20ac4cb1031d84114c3d","1","No"
"0x031d2da6a39dfe83c314df7c2e7a74bfad01773b","1","No"
"0xe7841ad5db7f6b9fa089ac3100a9623c6aa3730f","1","No"
"0x50f7c1a1db6ac509d4a9e684617a191f3b400c04","1","No"
"0xd862b45054ef15bbf7690cd860aa5d1f8a060f6e","1","No"
"0x79748bfc42a567c58682add44a072f8900a84998","1","No"
"0x01a7e44c9c8495f1fdac72298a3c0ebac9f58a55","1","No"
"0xbc99c4bd93c24db1bf553f2c7f9348be639fe5b6","1","No"
"0x2c17c733cefc0e618850b546d9df53cdbfa29725","1","No"
"0xa14ef0e1c1b3fe72706dc5f69ce0595e9dba0646","1","No"
"0x0dbb0cff7c9515fc56d352ee37aeeefdf43b25fe","1","No"
"0xdb2e9f0f51d755a52a868630a3a9c9038caceeb6","1","No"
"0xbecb1075a71beb3448f271feb2cc2fc37356e1be","1","No"
"0xb5c1213ee9ddf312c98f6e94caf5c421c86abff3","1","No"
"0x347d88b90e39485b3468df96864cb2cb7ad8cf80","1","No"
"0xaca864289a11bada7511de0fc5f2a372e0cfe819","1","No"
"0xde6d18ac0152b6afe61266fe4acf49d417313252","1","No"
"0x2b00953d8cb86bac70ed9ab80ffe10766873a3af","1","No"
"0x2b6d11dcb98303d9b921dd47e0542b6549e3cb85","1","No"
"0xc512718f304dcb48126ed7fa76edde2b355d49cf","1","No"
"0x65547144e458d36e3af2c085831f57a76e2d4219","1","No"
"0x01be944d783d840fcb557f2f1be085a021fc09fc","1","No"
"0xde6ec74d2160f3de821fbce6bc5b90918158580c","1","No"
"0x47a07248d837bbb59796d37ee305d4aa501d4cc4","1","No"
"0x233a3afb6deea713e7c764b56b68f80434337cf7","1","No"
"0xee2fb3353782c61962f7020c1885407751d8ac85","1","No"
"0xbed67cad75bcf5ef565d97bab460804ab5b74d97","1","No"
"0xeae6a093ba9c4f9bc1a03d6b36a12d75ce262e13","1","No"
"0x9dafb4fad67bc655a62de143bddc7ceef1ecc9d8","1","No"
"0x3ad491515478aaeb2dcb8080b2c083cb3a92059a","1","No"
"0x85eab92d8df9eed8295bb75c9b52ad5acf8ed193","1","No"
"0x05f08456c800042c5ff5e1185d5a28127885c8a6","1","No"
"0x5f02d3814ec6658e0aea55f576a02098b06c5212","1","No"
"0xa754b5702e2577e4f2b8f42efdf830df17ab438f","1","No"
"0x859093c2bb4ee9eb190d5178320975ec5a3f5f7b","1","No"
"0x39a8c823bc6c3f841652b964f9733fb373e0e025","1","No"
"0x3902fb08cc26b7186056587e0d8210c32409b239","1","No"
"0x175cdf8075ad6c005264325a6194f916df46bfe3","1","No"
"0x0610ded66af8443dbfc869ec534f8ff1a8bf0cb9","1","No"
"0x324aea1319a0fb3964dcdc610d143aab17b2727b","1","No"
"0xf85ea908d329c578a1bbce0a054e8c0cb7b48520","1","No"
"0xcff91ab7c3ec8e2199c80851e6be9c245f2cc626","1","No"
"0x2e2e48e5268b44dbe8bc61776be9748b0bcdad15","1","No"
"0x8741e9c93f8f6841edd6557a85421c83d80d2c6b","1","No"
"0x9b517766aaaa96b417e0976c3ab3cfc70b2c0a3b","1","No"
"0x244ca346b274de703567ecb7a3d927125389092d","1","No"
"0x33dd3068aad472829b0c651d7bc92daff105de9f","1","No"
"0xdf823f05ec88a26d4a200ee519a1c66b631c4877","1","No"
"0x16aa252fc8a60187e7f52a2f0f2292914f65caa3","1","No"
"0xfb27a04c861c766ad5e2804edb9374ded26f6560","1","No"
"0x5a756d9c7caa740e0342f755fa8ad32e6f83726b","1","No"
"0x85c952ec161e34a6ee773211e3a617ab8b4d2a95","1","No"
"0x3fcdca1dfb729c1450677a905de859285cd77ca6","1","No"
"0x519fc0786ce7efab96bfa7feee15f9622c6216f3","1","No"
"0xea59638fcd716d37d34959290b3b2f4f239e85a8","1","No"
"0xa4e118f6d512b9daa861da241b4e5a01eb8f1306","1","No"
"0x92ae56cee6957cb4aa986c3e89955446107958d8","1","No"
"0xeedd108e9ebf1e05b0bb533b30bb4b287117ef73","1","No"
"0xd148d6e383bc4b77c040a559c7543e833cfdbb1f","1","No"
"0x93896189872bafbb47af51414fbaf0b85a28ad94","1","No"
"0x292b275163ddb3a383e370ce1e931297202de058","1","No"
"0x5cf01ae1aaed90142c58456633fe8260ec10741d","1","No"
"0xc7d4e78cc93efb95f4bb8bd23ae348bad5662c03","1","No"
"0x6cec8bc68321fbc0ba54159b812acf3795331bc1","1","No"
"0x5d37d64236b7621941eeaca9db66739292900e57","1","No"
"0x37c9cf3b0e9eeb5d78d2b5ef168af181871a441e","1","No"
"0xd1f4befbbd4db61daf7afd15d97a03bbb76119c0","1","No"
"0xd515c9a3e064bfb90646dbb9de561b0dc3947689","1","No"
"0x3aca2ad957cc202d798f6beb3b858ce4c5618749","1","No"
"0xd5b877e0a977979997c8baa9aaf8b67c358ab23f","1","No"
"0x945f81e348f71a57143594741d55a9eaad32f506","1","No"
"0xa0c721bfda221070168c0b8edbdb9bc83f6e6b18","1","No"
"0x86b3319a0e90971a61335ebdba11657a6aae7e67","1","No"
"0xc44023b066127a342423691acb775c8cf294eade","1","No"
"0x36d74b81006732a0b24218a562b6b6c774c91113","1","No"
"0x7739a42101cd9f4ebeba86ff10b192acb2886c11","1","No"
"0x3ee10204ce7280da6f49382a2de83134aa6d7d7b","1","No"
"0x36f80088325b16c416d7237022f43f65d2acc906","1","No"
"0x035105ecd50f1b4d4a0adea97a41651fa405ec4c","1","No"
"0x4957ded04dac83e6b4d9649d57df756453e18a17","1","No"
"0x9ecc9c68ed14d9536393e42c79b80aac6ce4acf0","1","No"
"0x075a103132e785a12793499c2c0156f500f4a3c0","1","No"
"0xf93901a9335243414df97382813380610b0ba1b5","1","No"
"0x2899598d9bf2c1d48cf4cff1906c0ba3419b8a7b","1","No"
"0xaa1a3823c39764c3063f7252571c7f4ace66d820","1","No"
"0x1c70d0e81210fecbf1b39ed7291ea2d75bba0b9c","1","No"
"0x03da98f5e26cdcae4b8cdd504480a9f801ded4f7","1","No"
"0xa1b7e322c675d0189b76f8d4d0f799c6f602239b","1","No"
"0x70794157efac5314ea9b0eb363d7b19832444aea","1","No"
"0x59ca32a03229ef805686e10cfbd32706378bd4d2","1","No"
"0x11d9f43c216d2cbe066de087ed5b2147d9ffba01","1","No"
"0xd3b1f961d195ae360537624d0b2a0f89ef07448d","1","No"
"0x30b908515e34b195a249071176b38653fa7b98d1","1","No"
"0xd5a5b219b76db9e4273e317fe6e82e98d96e6e44","1","No"
"0x3e4eb6d1766a6f35a0271eea8997a06ac7e2dee8","1","No"
"0x84d501e88c8b1b1969c1d4dad37b9fead2d2ac5a","1","No"
"0x505328f64a6b3d280970a6fed79a7558fbfe2f06","1","No"
"0x136ea24d79406759487051e6f4cd403d412045ca","1","No"
"0x376f951626cf1d4411e58b7d2ed47fb34b6d7e49","1","No"
"0x014e61e389924e0d275fa1fcd7b7dece38f921e2","1","No"
"0x2cd926471980a9769ade4f3ccfe2ca274e51ff7c","1","No"
"0xd38d889d5a971f81515e4425bb6516431abe322f","1","No"
"0xeab23ce1cd79faa44faa1af8d7c4d4378a34350c","1","No"
"0x3a3afa79c14af08268228f349bf9d6fa2c2c74fb","1","No"
"0xe31b08a417ce1f48e2b735a1b5cd5e7e8622c402","1","No"
"0x4252e70da230a0cabbcc7d1bcdf2d11ecc378d83","1","No"
"0x21164a81912aea844a5adfe643b84d7010736c23","1","No"
"0xf004513e16e0c116f61edc21c1c969cb95347d62","1","No"
"0x06ce5fee10fe4cb86976ed7637fe224ac94d3b52","1","No"
"0xdcdeaf1b80c68e33574985435a45280ede24b48d","1","No"
"0xdfa054043dc2bda895c6ade88a1329fe552c3b68","1","No"
"0x29a0f7d68d3d3f0dbfebc4a526f62f50e3b6eb63","1","No"
"0x7ed29d092072b3acad0a357d419e12cc9216d603","1","No"
"0xa67931dded09d22d967d4b1bfc6d91da75592b94","1","No"
"0x8b564f7a7ab31fb8ef36ba3c1a9f5b64e1563ab6","1","No"
"0xdc6c5c7f82add22d675810ec8d668ef42685c72c","1","No"
"0x797932422f56e145ec12bafdb4c805ca5f92d8bd","1","No"
"0xe1cd5ed7ef48b42ed56e9f94a1d0f61d35192244","1","No"
"0xf9a29f3204b2c9759448d610f7ccdf83c8681664","1","No"
"0xacbc093749194e7d7e82f4bafd4dbe76bde602a0","1","No"
"0x34c131566ed45352ba74873ad890e734e17ec020","1","No"
"0x1d8775623df5469116ece78b55a97bce8424b899","1","No"
"0xa2bae435460fc02a35b13eba913f3059741a4cab","1","No"
"0x97a0962c5417ecce4192e9d54fd5838f74e85154","1","No"
"0xe734818dbe570781ffeb8a20a51b5436d55b86fe","1","No"
"0xe0383c3dec6e7fec8cc96b3312b93981e4dd4e95","1","No"
"0xdf4b9af98ab69d581013b3d86d59a195f9714ae1","1","No"
"0xe6f61aae392ab86d002bbc12300730a5d57a6877","1","No"
"0x2c074ce167aee79a77695768dfcf80585c8f5299","1","No"
"0xdd1643978660870c354c33e6ac5adbb9eb7005d4","1","No"
"0x85f948e773b37a972648dc119718ab20fe1d9a30","1","No"
"0xc58d054217281e665412c45271319bf951f4fb2c","1","No"
"0xc208934e867dfcdc10e5ab58b631d2c3185edbc9","1","No"
"0xd8da6ceff8d3c1666cc0c523d78cd766b65a4820","1","No"
"0xbb5d61cc9494a1c911f681bc0f1fbc2d5aaa6e39","1","No"
"0xe2da7fe4f82af891c3d23a7ecabd1f7d7562bf09","1","No"
"0x16ce1b15ed1278921d7cae34bf60a81227cfc295","1","No"
"0x97b90fbc8904f861f76cb06bfa0a465b72c5e662","1","No"
"0x8f88f3702aea3987a09442431cd7787da221b45c","1","No"
"0xa35de94c287a8a2dd6e324b0f164c515317223ba","1","No"
"0xb73c28354b4ecc2d4ce98948ea229e2340ef1868","1","No"
"0x3d7bb1feae77b2b2d059ffe20df30b52306d784f","1","No"
"0x4c7c7ca7a7dd5b36a9db605297c0ec68100f08aa","1","No"
"0xb5cf696f99631fd713386873155308d4e998a9eb","1","No"
"0xc24f66f5fdff7b258cd1f5efa61e94b83806a902","1","No"
"0x6f3fe4cce6ff889dd38db36b9b0045928b5b5778","1","No"
"0xd64e12ed34d97e4e8bc43720fc84e0a0637db335","1","No"
"0x899cb121786062f384b1d496a3fbe7d778970141","1","No"
"0x4e0ee19f26e28a39ca352fb10186cfc09a9774af","1","No"
"0x27f902258f3083b47dd0492950383b216641b2c8","1","No"
"0x52323f07c0b7b479b6da81f92e5906b7e6ba2dee","1","No"
"0xa85c6df3bae3433b667d9aa97ee8ffffb9f8288b","1","No"
"0xd233df54cbe2c7f1cf01deab508aa10d29bb8cf4","1","No"
"0xcf9212535b0b2ba67fe1bfa8510ec778069d5572","1","No"
"0x613d7a8f4fbbefb1bc60107e650589a737ee914b","1","No"
"0x33b43b3197ddee13832985a0f16a8a75ef43af63","1","No"
"0x3c1cc5e464e397c4fb8da08b0f6cd581a3729a84","1","No"
"0x79bdad6592c79249f71dd0d40d8786517ffaef4f","1","No"
"0xef2ed8f4c92fb05b398e4e9a645a9f038d92a411","1","No"
"0x8e0e6467efeda0b60623d3a4247caaf97cd6e885","1","No"
"0x21a87de0383477e128ff7446f4117f72db5db97a","1","No"
"0x1634b8fb17773d2b7fc85e89ece335def7a5f23a","1","No"
"0x5cd8eeacd97b0efc0f4358a79131cb989d0359e2","1","No"
"0xecd02810db92ff027ea1b0850d46bda963676d74","1","No"
"0x99979a6d8e2588c3454b9314d8a2366b44868a18","1","No"
"0x05cc0c84d51ee4173aedf9f63633fba4bc4405b1","1","No"
"0x36fb76f8ce161770ca708afb6a81aa0428c9ea99","1","No"
"0x6a1ee93697e475c4620c4ecb81026d1cc7b6ce2c","1","No"
"0x11032f66e972cf06a8c0f29e467a219f40fd3bb7","1","No"
"0xe1f9c3f52401eb43fa31801636b28be9102ae901","1","No"
"0x879864ced5139841db75276df4b9f87311c44407","1","No"
"0x5e38cdf6ada554f7be2c3807c07f05f068fe4fdb","1","No"
"0x77215961f7de9b8d0c5d417d2590543340fb7696","1","No"
"0x0eaadc510c54a5dc2c21140e0d280ce4f94f988e","1","No"
"0xac0bc99cbc26e3d9293d757d61cafcf8bd4ac0a0","1","No"
"0xfea3f86975b2bcb8a7495812571cff27859b653e","1","No"
"0x353896377b3456595b2c1fc63a0b107551be9e41","1","No"
"0x88a28511ad48478c2f5511e4020e37b517163398","1","No"
"0x908042de37497284a26cb6e89c0ddbd820d22647","1","No"
"0x7fb04e8cae8cd58efee40452b18e7ec366b6d52f","1","No"
"0xfed255e825693bc533bfb254a3f139b2d8129b93","1","No"
"0xb7a7dde4b8202838c0f81ba6ca6c3740452549c2","1","No"
"0x54ec3382ee715f0d57a7bfa0f87c0b0dc2bd362d","1","No"
"0x986a8b2b4d9fdd8dd6431c08a7f2e892aeda1839","1","No"
"0x5f1f0b3a30e0c1c06dad53fa0a21f96fe5f5391a","1","No"
"0x438316a6367178f64769a570a968a83264747b19","1","No"
"0xde6458ad2f0ac188eb34c43de94bb5b1cb2b3bed","1","No"
"0xc782d11656b67119024fad11b0cbebdcae96ed97","1","No"
"0x3b87180a27490d871048127443c28e1c87d10389","1","No"
"0xa620be44a0d4f00e73512df8726da24940430051","1","No"
"0x86c62a0dd8690fa2ba6e3e3d9a18d021dbd2565a","1","No"
"0x9fcdbca73f6ed9071a41f8dfaf7f81dfe0e23baf","1","No"
"0x6a8e73e246fa4e7b3b45a1a2fe3a7c245878158c","1","No"
"0xbc8d90aa5041d6b7273084275c977d4178555d37","1","No"
"0x2aa7d888cec91d26e5a6d8dbe7dbe3e79df5b347","1","No"
"0xd320571c7b7956b68d75df1b87001ab87f0644e6","1","No"
"0x144abc35f51f72f76a77ef3c04d9d61715bccd53","1","No"
"0x4fa61f83ba1255462d04cdeffadecaa411ad693e","1","No"
"0xb1c55c6c072b7d4f6124dcad86abb0859427785e","1","No"
"0x1824befc17aedbc57991c9d7c7fee1bf18ccce63","1","No"
"0x2f2e822d0d47a0dfcf5d39e612fbff247351f054","1","No"
"0x11f2881cb02de64192a4e871d60b3cfcb529b102","1","No"
"0xe08fe483eea7ced0c9b64f79819d3a48dc70d06c","1","No"
"0x101f0d604623783a9194e4a03e149c83bd94ed9c","1","No"
"0x2baf8f61f15bb1c23403c9b48c365ad6f488ed16","1","No"
"0xcb4ff1eec273a8ad35c6c8e1a07f72ad3106266f","1","No"
"0x2fd6f9a75f09369019e82bc8301fd2a789dc9723","1","No"
"0xa64098426cda486f886bc973880d35e016284893","1","No"
"0x822cd4f645d14afbd06e51ad6672c6bc702a5006","1","No"
"0x0003cb0009e52e6ca64b4744a1601e9f1d6ef130","1","No"
"0x1a706173c9b73b47f23cf81d9845541f828c8b45","1","No"
"0xfbbaaefac31c56dc43a4368d82629b5753c289d8","1","No"
"0x3f4579530dff31773e26001bada3cef5ce6f74cb","1","No"
"0x1915352c98acb70b56af85fd98a93570b1103314","1","No"
"0x4ff9975ac4d081ec0df371b6a92703fb4c17ba77","1","No"
"0xc974977e484b8acd2a7d5096f0c941262b6b2522","1","No"
"0x1d61e9da982b0381c78966e4f745c36bf17f4266","1","No"
"0xa2ff659de6829f07312658a7ee718c1e41fadcea","1","No"
"0x3a45b04738c21994bcfd0d24d7c3673328147f04","1","No"
"0x759eecac54a1429ffc369e67ce5598df7a6bb8ae","1","No"
"0x2d2d768fd67b3ce4673049d0c39e2ddf2af4c2bf","1","No"
"0x95a46053eb9782a6aafbef6970548ce549646770","1","No"
"0x15b5d186ce03817f32266e3026fcca45a003aa68","1","No"
"0xca6f56177c48b4df9d76c7af8f87d4a22409c279","1","No"
"0x330958aec4eca4308113202b5d8622e813466b2f","1","No"
"0xb5fc2240cf1c28946949ebe43c8cea0ea4443456","1","No"
"0xc6978b1a39a1d75bc0200363b5d77cc478d5853f","1","No"
"0x046abfc06897e8a86542047d6b22e931fe99bee5","1","No"
"0x9af3a3fbb6999bb635a4843675e3e0fa98c6d16e","1","No"
"0x14133dd0285c5804646482d4743c048e2a5ae2ec","1","No"
"0xbb59ab2c42bf365885dafeb3f9307d1130edb330","1","No"
"0xef0dc4cc9930e9645cbf46b79f032ed078397e36","1","No"
"0xb145f2ee8459e2c18be9fba971feb65d8127f2e9","1","No"
"0x9ed9469e2f75cb9a33b94890f840cab06b876674","1","No"
"0x1d2f34cd3f7adf2c8ba7c3ebb7f070837d441030","1","No"
"0x1d7cc75476009dac32b6f5dffce5f282f6a06c07","1","No"
"0x7548b0e736e32c4273c1056952754bba4a384bba","1","No"
"0x0a4dc4a8c38ad399a3a85f1cc85ea3ed04938b32","1","No"
"0xb4ce15d0dd9e31052d39deefcdd4152c55b6c233","1","No"
"0x26d29e016f1c2c8d3dcfabbe4de23c161fffe709","1","No"
"0xeaa2cbf0feeea30b524a1cb47a593753865a225e","1","No"
"0x07722608a61d9014462d3cb0bf00420fe8a5adff","1","No"
"0x7f65c64ea807901349a7aebda4b1f8a282cca051","1","No"
"0x8ef7317de73634c05b3fb341c07af5c6ff7043fd","1","No"
"0x28296d868cae7d63b24c687fec1feb2677e65fe2","1","No"
"0x3d33895ffb3bbb098ed67042f987503235a36a32","1","No"
"0x3a26577d7682064dff6f3f82764b20c08c427025","1","No"
"0xc656fec076937bb3bfe5f05c3b70b07401c37cec","1","No"
"0x854c4d44e1bc07b7a7805c116b01a8e1895635d5","1","No"
"0xf078b35322a49cb5f666cc6c69a0f7c34187fbe2","1","No"
"0x21c0a2c88df089de73f09b0ad33a2cd76b9b69ee","1","No"
"0x77e9d9572d16624e77487d8e69699f2d8f6556b8","1","No"
"0xb133838c73e830b25bc7c8c6e20d61cf64bb69f2","1","No"
"0xc1d22b8bff4b2db03243b68b3e0358562ee4b7f4","1","No"
"0x6bb1be9f2bb1ca2711840682a71fcadf591087b5","1","No"
"0x32208a85165cf5d53b45d51d18d708d858d3ad86","1","No"
"0x9c32443ec5b3c3604e2d29ad1d41f8d3a859f278","1","No"
"0x79b3b36aeb8565a62c1fd6c9d370824275ec85e1","1","No"
"0xeff333df6f61f9c5c86cab08ce6b963f64518bfb","1","No"
"0xbd122951cacb49a20552c2e78bb24e3d6494748b","1","No"
"0x635c06569760b2a74f5667a2f031f07ae4e68adb","1","No"
"0x2a6e5d2085098c75d19800950b228e3e196dc192","1","No"
"0xfeab92776ceddb5ec480e2547959b075a22566d8","1","No"
"0x8777bf246800017e398e6dc4ae82a6ec912f67d3","1","No"
"0x88a626cd32b57233adb7bddd10262d43208a543e","1","No"
"0xcd0d35af3efddfce1bfc2feffeb6acf5735ddc3a","1","No"
"0x6ccf8d7a93e4dd2527c7de40be8705867e3344d2","1","No"
"0xed3f0a140aa843f036194c78a27dd029fffce3ef","1","No"
"0xe8cee8fbcb19769985419265848c566e3cb3614a","1","No"
"0x8aaa1e77fd70d1e6992461f91ff4f528f3ee6caa","1","No"
"0xc328629e8efae4ef67fd994b4a719c55891a61c0","1","No"
"0x24ce9949d53c3147dc30626ca17da0233b7f0ad4","1","No"
"0xb141bafd7d6ef2ead0205cb419c7fc5a1fa04cb2","1","No"
"0x6a1a408fc6ab82e685a1470f5cd1fd9140c29d58","1","No"
"0xaf294a18d51b2c78272582a5cc7843293fc61e16","1","No"
"0xae0813787d05e335356064d49ff6a0c8d27ecaba","1","No"
"0x811dad827909d47e5b48110e188d362c2eca085a","1","No"
"0x500277482b1e0c2fa6431563e0ea2894926054e0","1","No"
"0xaa759ab9c1574ab8926ae45268b6ba2c2473e467","1","No"
"0xe93ccb96856c245c462d013e67e90e1589ae74a5","1","No"
"0xba7320f008dd533f50df18aceffbba61e57be94a","1","No"
"0xda006f7696f14a90e65300a1e42bd5ac65f8128a","1","No"
"0x3de96826f3b349e664fcb4fb90ae3ab88308121b","1","No"
"0x9adc511af137e5de97f1030614762fa691b8df68","1","No"
"0x413300f7fbc8455c0d6aeef33f4c2ac385f92eb7","1","No"
"0xc1805892a0d3d54c43e70bffad65a58547ea77f6","1","No"
"0x4f9c236f276533ad8103de677ab2e4b33b830d1d","1","No"
"0x6a84b02be89524a2a00bcb40b8487b307ef8326f","1","No"
"0x8734a32fe3999da51f74d0ea32c6d72c54b54c78","1","No"
"0xf63f5bdf6eaf3f50318bea89bf38a476bc77c5d8","1","No"
"0x6e20c11c296ef2a0207d0ac66d428e301bac304b","1","No"
"0xd03614c920a0c334b842320999398e1387791bf8","1","No"
"0x11a707db15bae7eb6662356d9930b779e17f846c","1","No"
"0xd83cfb5422ccda7e9eaee2621ac30c63d1b3db79","1","No"
"0x307a1479f4e8b268755526968b1de851074bc7f4","1","No"
"0xbd13938ac0dc17ef1ac3e05d06d0c7ae4acc6887","1","No"
"0xc61322882f928099aee6bf1c3a1762bc4cceb0c1","1","No"
"0xc2e89a5c8608409a7ae3c757446e2b4284adc40a","1","No"
"0x8f0cb2fcc398a6eaef33fb3fa4d84a65b2504a78","1","No"
"0xcb7ba32e2fcf83fb48f5fc9cbfb008676d2787a2","1","No"
"0xf044b10c0dcdd6759dc4daf1154291f1ff6c5514","1","No"
"0xc59f936273e9491f9f76d3caf1140743cb31a66e","1","No"
"0xaef889ccda223668d4ce5ad0e00c8ee0017e3603","1","No"
"0x218b7ef5cea63933857fe40a5eef30d0d7005e60","1","No"
"0x944bfc819579d950be5c99c1a1dfcf89bec60d07","1","No"
"0x211bde309f20ef784bef23efa1a4063643654e4f","1","No"
"0x234d127c9a47a0732863ebd4e6589aea9fa3a45f","1","No"
"0x67b8648ed904ca3a6b55c021741b01b763773278","1","No"
"0xfd353b858c22d2ae8ad156d151f68a3a93f2d464","1","No"
"0x9a271b9c9d7e67cd25b445f6bc079651796d856a","1","No"
"0xc1cf16a46bdd765349791ebdbc0dae9adf8cfce0","1","No"
"0xa81861f4d15f0d5172c6c60c23b72d616cf4e15b","1","No"
"0xc4bde45344fe5cbdfcd34b19cdfff845b9008a80","1","No"
"0x9ceed86bf15bf9c406ea88a2ed58478250b7d1f0","1","No"
"0x6a8959013b4a4f38c1d51d6463a76c23469e5425","1","No"
"0x8cdea0f310d5c183cd36085f95ea7350c95f9eb7","1","No"
"0x17179f4b1b4e9e8144d9f6092e584256ab4f9281","1","No"
"0xc660b7faf75e03586cb5080cd6bb74fba5d02c7a","1","No"
"0x19d21d789d341b02f46d09c19e6970c2175a9466","1","No"
"0x2e8c79215f275240f89fbf6166dc9481d97db2cf","1","No"
"0x4b9617d43c0a442d754eee299e105077643b1aa0","1","No"
"0x17d1aaf8467784c91a99edcf60a7bfb6d318e7c5","1","No"
"0xbfe7b3250becc8fe0295543a5e6264558ab7f6c8","1","No"
"0x7251c79e31ffc3c18359abc101bbc20dd1d34e06","1","No"
"0xe6dfaef9d9056e0eb4c48ee8394e926cb2d7f054","1","No"
"0x853790ac287440d0d037ce4550508556432dea53","1","No"
"0x6436cb619ba19d3a37d7a7066b1b6d7962c6570b","1","No"
"0x17fd8381070c2f815aa5d4c0e57a0a69d35dca43","1","No"
"0xc811cfd2589dea56a64fd51f7b3f037447755549","1","No"
"0x50f81b05e8c431a2c48a3da17427dd8a8df08fc4","1","No"
"0x23670214ad87bc6dded7bec2c9a4467a904d1474","1","No"
"0x7453cc9140d5c2854dd477cddcd2ef91f925a40f","1","No"
"0xfc6a4dccb6d6c60a23ad6af5a7d69a62c2801700","1","No"
"0x88d2872275309b01eaf0dec9c580a0f82aba1d62","1","No"
"0x757559e7ac02c3aac1e11114d09e967dd1c15a6f","1","No"
"0x80d79989d8429fac2f0b043d7a08aa7aa4c29f05","1","No"
"0xcf6e8cd7f1124fb3caf015799d9693bc7a21ecb0","1","No"
"0xb92110cbfa0accd8b17d3b1ddf143cb243fc273d","1","No"
"0x66d608198ad2f5d6d6f70a06cb11174e0c5e063b","1","No"
"0x524c4337d730449e53ae55aedf8803e53fbe3c15","1","No"
"0x5211414c22ee76494b3e4ff5658e5e501d928fb5","1","No"
"0x4e7fc2a50c07b65e38ab103c8f5f01ca9a684a5e","1","No"
"0xfc1a472ee959bcea3b337970f9b539ab62a2badb","1","No"
"0xc92e3d032046aeb97ad9c8fcc25b626bf9356ba1","1","No"
"0x3aabb2a3653bda62355f822fc10c5bd509dc4695","1","No"
"0x92e347c4a94e5d7eeca6a191f611dff741cbcdf8","1","No"
"0xd2d0a5018e2cef799729443f625ece5ee0c66ce6","1","No"
"0x548efd32087890269597602bc39622f401e9c070","1","No"
"0x23440e7f345d4c38c508f436b357ae1279a81d2b","1","No"
"0x5015cfaa47d5b1e421f6b32fd6ccee6f76a5ccdb","1","No"
"0x23fce5eceefe03821fba14c27878c0673461616e","1","No"
"0x4bbb8a22b1d3073c28726919a094c9d4c3b21325","1","No"
"0xcd27eea1eb341309c4776f02c966aaa37f4c5700","1","No"
"0x7373be018b894232f7d0bbfcddb8b136af17055e","1","No"
"0x06d56c55f67202209477a5f13bc78ff95d32702e","1","No"
"0x10fbadbb8125aedc700c5a768f1d3683e4be7ffb","1","No"
"0x927d2a55cd6e399aeaca3f4ab3be813ba2cf7fc0","1","No"
"0x7f6287def575a4399ddafa030646a86312cee323","1","No"
"0x680b1c607b9f073f1a3a723b3034b66696a1e608","1","No"
"0x1dd716f4fc2033522d1fa3974ae5ee390ca37917","1","No"
"0x4c1894c6667c8efc7798ece9fd33836a53497730","1","No"
"0x25a0bb8594d0cb67588c57672e7a6fa7cc5141bb","1","No"
"0x0a9366045dd8eb9de790d86dc22067e3aae8bf62","1","No"
"0x4459122639c2b22b4e2902150e99392aacda6b62","1","No"
"0xcd711e8ac74480d94d8433b2f020276001493008","1","No"
"0x4f913568b0d30c5cb54ed7fab886828e6398af26","1","No"
"0x97b7f6aa8e8d583a2736463841f430ed99bde471","1","No"
"0x20a9c26a80cd2cea91d3a4f16e5efccc45d3ff5b","1","No"
"0x89dffd5eef533cc6d8cebd82c860f6f84085ed62","1","No"
"0x84d97802ceb964eb559f08b125f024ae24482bec","1","No"
"0xfe7ebe34e2eede61cadd72b3adc3bc08d4aaa09c","1","No"
"0x422285c49c675f08cc48ec94ca612bc50977f0ed","1","No"
"0x40be99fe0b7a0cfa83d5f31b80d710cad647d73a","1","No"
"0x05b8b12fffa2c0d70978b483d2184575c35744da","1","No"
"0x5b4cb61bbcd7b1f7c9e8e867a6cdd53d2740289c","1","No"
"0x50a6af1f76ab1272fc661666d2be80fd9c19e5d8","1","No"
"0xbf4f2f6b81f7e270ad9d522971c188220228bd9e","1","No"
"0x98467b7c859a48cb20c9c8cd6e310b98e4340505","1","No"
"0x2e250daefe4f3a32bfe06c0fb6400a9498a3e7c1","1","No"
"0x45bef6d0056010f6977751761dfc733cb764af24","1","No"
"0x29297e283fd8ba6da0dca9f42ee88eb72b6b101d","1","No"
"0x7ddb973f7a0fa8dec2579c504aa51fdab62b9e91","1","No"
"0xf286840e2da922780e146a1fb135e3aa2842de2a","1","No"
"0x7182946b838f9cfd5e0df4a14a60947dda672b97","1","No"
"0xdb9166f16075bf887b00dd764737125fafcc23c9","1","No"
"0x59f2d2b4a38abdc1eed6f5fcd68fda9ddb07c8ea","1","No"
"0x4d0dfac3ff452da39746656a8359471ebc06c40e","1","No"
"0x919659f7308c06cf78e14f4b35e50d89b2a889e2","1","No"
"0x5cf9ba7005b234bf5b1021775367bbe9b605699e","1","No"
"0x4c94b50ec94810c2251a18927b0f020683216a6a","1","No"
"0x6dad8d10fc1a9cd85b929029e56b0b0629e08255","1","No"
"0x8690d839f5e5009f5797840c2ecb359a808bfe1e","1","No"
"0x2abe17573eecffa13cc2ae7d6911028e07339ad9","1","No"
"0xb4c61c8c328c8028fffda0cb3d77c5fbd9fae9b3","1","No"
"0x1bac87b9b9c9c7463cee1d0e6b40782bc7366933","1","No"
"0x04fda72d3a0dbbfa6793a604cedb5e5631750df2","1","No"
"0xe8ad7f1ae2d302bcdc7f14f616955182283c9f34","1","No"
"0x4ffc3884669e442e5d2f687b2c70504d942ba129","1","No"
"0x57a7604baae02bfb83f102eeb96f2c263d2f2ae1","1","No"
"0xf2664dfa7924d9f3895349bae785027ab9da1c87","1","No"
"0x7a473daa08b4069fbea15c7bff4469f748942a10","1","No"
"0x96f4e245db2d76a9aa348b1a4a12d8d30297c261","1","No"
"0x00583e835ecdb3b289c3380aa0ae894636568dec","1","No"
"0x4c8fed23438f6ae4848eea309c5ed788e1b22ed5","1","No"
"0x039a5dc237bb1d02b7ca483c6e4c640a70103bd0","1","No"
"0x61c31a18f96be563a7a1ef1343d8becd40bf387b","1","No"
"0x175b5c73acbe4f43c94e1c91c8a84eedf9b1c2a6","1","No"
"0x3eed6b482da0071dec32c01d9d5254686b44a819","1","No"
"0x5752fd23419eca063bb0643b00e838094f450fc5","1","No"
"0x1971e4c89663b208ec3d7f0ec81b88ec156d44ec","1","No"
"0x5b8c78c33881c3e229652c79e3dca124473ae2e2","1","No"
"0xde4f2420448136a8b6eeb01a6aac7d03a093926e","1","No"
"0x7077d033c358b91e8240806af191feb134f70ffd","1","No"
"0x612944221f171b8d8a78226e79d21cc1acbf763e","1","No"
"0xd9cf449d99788eb11ac9ffd30827d7c68f2df111","1","No"
"0x5972cbaad72f302075a2ba89bb9e4ece0c83559f","1","No"
"0xb8e3227de195d5fef50c51c2f4a1555332c46027","1","No"
"0x007a46c7474f2c2b5de40ef7da9dd4fb919631e2","1","No"
"0x28b632aa8f48c7a622cd5bb272222be7dd859208","1","No"
"0x6271b5ab4cac01068dfdc0d583856b65e36ce7bf","1","No"
"0xf434b0b9c43437218050aa3a4e3268e013534610","1","No"
"0xd167f5520ca25574eb2c97cc461096a08ad9abe6","1","No"
"0x46d9138cf39d93acb75ab2f57ebf31c30772b26c","1","No"
"0xf8a9f09a580c9a80090ff22ff52c6c2553a29390","1","No"
"0x0b16f444c02aa40886f0b8d4dd522e9cc2db9444","1","No"
"0x926068f1890038f5898e1560a8d94f84db5f59a6","1","No"
"0x48d2a44081e30ac399ddd50b7c2108ee581a05d3","1","No"
"0xd4b7785530069ca168161f010e75dfd4fcd3ddd2","1","No"
"0x1d4d2a31bf1eb40dd5222250f0fafcdecc460250","1","No"
"0x8f25612a680b62072fdaf1a06eadb31e09f7c51b","1","No"
"0x9a06916d02fec6193e6d2b1465edd49976fbaf67","1","No"
"0x3335943bcd9ff5fa29afa3fd9d065a52239a2a59","1","No"
"0x227b42629afb82dd5f6c137dabc4cce8421b5341","1","No"
"0x588368a7b852eb9e86b25a42f066a1be81de4dca","1","No"
"0x6e047ea923bcb084d87764c8a4bf9b2ee2819380","1","No"
"0x0c6d190b146030c00bf654f1179cf8222d0db560","1","No"
"0xc2bda84b08ae0709eef49068b06ce4673078b6cc","1","No"
"0xc78487663924f1c59f4ac56f4bff2217963501a4","1","No"
"0xabdd30286c4bd9249581142a1e3dab44e050a7c0","1","No"
"0xadff039b356138bcd27f2b53d55c182a9a3748bf","1","No"
"0x6276244fff065663d36fbb809005f285d95a6921","1","No"
"0xc92189b7117b1b900b44fd06f4748c1bb51ca344","1","No"
"0x99728634808c3cc7257027e0899db10f3707e6d3","1","No"
"0x9b89eb2c0dd344333492012eac513007b006a27d","1","No"
"0x3cfe776230ed239510b0e02024c546c39a97d904","1","No"
"0x8259a2829cdea8d7970a28f2f9c87d2816a85240","1","No"
"0x029c2b606a3cc5fad262dd2cfb944412c22d958e","1","No"
"0x7926eb17a9d2a3ebd0dfcd035b86468115b7fd18","1","No"
"0x1905c219482c168a1f016d84446bdb6db3ebd8d1","1","No"
"0xe8d4fc8e8b35434d6b5c790ba045fc0bc01cd569","1","No"
"0x1fc0218c88abce669273d29953f0efac0aa241e5","1","No"
"0xca471a1674e87c08df35e3c92ae5080a9f1f6e6c","1","No"
"0xb7a324dc66e7fd3bf881c440b085daad5bed1a4a","1","No"
"0xc4a4ad4354d3dde8087506f5197d379809d5d9a9","1","No"
"0xf879ec67cbddba1d8bbd25af5bbbe02347479a72","1","No"
"0xd5db661995a9b56795c9c009da89cf19fbedf926","1","No"
"0x95f47684ce79e7a78775a32e9d269ad67cb2b167","1","No"
"0x25872e9c3d2ed2c11d8a272a60e85fa3f3d36331","1","No"
"0xd577a2bf20fbddd2ef304fc89b0d0dd0d0bf5d38","1","No"
"0x9c07a0047ed4603b38136c394d441f8d9a4632cc","1","No"
"0xd6bf759f5edae23865835e338ca7497edea6027e","1","No"
"0xe77a3cf18f6c2ea012c053706a4d2d9447fc0c9a","1","No"
"0x0441ec544c5a2577fd37b18adc551a83a627a2eb","1","No"
"0xc2a02d05cc97c56e0cc9574c847458f01d5e9613","1","No"
"0xcc67e57c0269dcb14044559e95bff1292a7b783b","1","No"
"0x981bb66945080921b8b4c89317e69bd0967d2313","1","No"
"0x9f872206c26deedf09913466e71949025bea067e","1","No"
"0xd3d262c5e33f2313961bc3217665ac1df92e5dd4","1","No"
"0x65b2e8781d00a7e25a5da2a9565156629abc3e02","1","No"
"0x146719bac42bb8b5ee453c9fac4e3cf26349e85b","1","No"
"0x8ac5613caeab427ec24e53cf896067f21c6b5052","1","No"
"0xae04b5bd8b658c9b019507595a8f4140543e368d","1","No"
"0x77a80028a50a7504604646ee51586a721f52f07c","1","No"
"0x45783d0f59ee9a394fcf543d43cb7546c8391242","1","No"
"0x0e024cdba8377acf2d83e23090e27f5f8f490497","1","No"
"0x496a1565c1a9b056e468a20eab1185d3502a8b9c","1","No"
"0x4614ec6b69eaf14f51ae9b2be1220ea5011c8e96","1","No"
"0x3d246dbcffb991b686cd06f85d09846f4bdcea99","1","No"
"0x609ec0675f67cbbab7a3f32c6a4d14401c711227","1","No"
"0xefc95b988b3963b23c03f428b6396ebc55f93dc4","1","No"
"0xecdf615e63c72f752d718730ad1c0637bb6e07fe","1","No"
"0x6106e7b682296e3e67de45df3294a706b36a51a6","1","No"
"0x7f2466ae8badee7dc0109edd0b6dde08c432236c","1","No"
"0x1ac0dbef5e3edc8b24be3663f3632457d5044c47","1","No"
"0x2c6c59752bed9c8d1d1b8b3d0016f20f3e11aeb6","1","No"
"0xdb4989a169508b1c6fc35d43e79ffe8c726e10db","1","No"
"0xa65ec0989d5832addfe6565cd6441cc27d820ead","1","No"
"0x3461551e8a9d68314fdd43eb81f98044da4a1461","1","No"
"0xa6e8772af29b29b9202a073f8e36f447689beef6","1","No"
"0x69c509e9765c49cc6b9b4568b90aa47b89f4992f","1","No"
"0x298afe764ceade43ba80ac4390195e8d9451d6ef","1","No"
"0x50a5165a83504a10c9989048fc5fef3744bd7a22","1","No"
"0x84122a870efef83f3ac98dd7a8c4ea9ee21fff5c","1","No"
"0x9e27a985428e0e3db0390ece9382873f3bbc8e63","1","No"
"0xafd680fb78648298d13422da8eb29199e72368ec","1","No"
"0xf49d2bcc52f0b46a98204721f98ce9d4e6730bed","1","No"
"0xd2ec6fb85782e5c5982743f66d293617803a2e0c","1","No"
"0x51d5ac6578c169908d6ca6f0de117bfaa2c7d47a","1","No"
"0xfd443cfd21172cd5bda7b754c2fb64819efa74f6","1","No"
"0xee63189a3b5d35ff8e6f67bd2b2a3aca4e084e85","1","No"
"0xd58919830be1833052b8321021218f10d80d088d","1","No"
"0x0de299534957329688a735d03961dbd848a5f87f","1","No"
"0xf1b1cf1a44cade3d7a0962d61abdc475f1f3d093","1","No"
"0xf123d384879948d5cc1189a69ca9f175260ce174","1","No"
"0x7e0ea36c5ba39da24e7b25e0f1819bb26c0dbcd1","1","No"
"0xa8ecf8ce8efbe9e25d4adec092e395c2a3b43e2f","1","No"
"0x5800985194a9354f8b7b85cf6a20596f12a9226e","1","No"
"0x9fb7563a1969f034e8feb83e499c967d31538e86","1","No"
"0xbe8bbf7e47e296baf068d13d9bdb6739ff4ebfe1","1","No"
"0xc1e549320f048d8149d5b0cb9cb268da59f1f2ad","1","No"
"0x768271702f11a6c3b5d93f991acf6d01c61f5db6","1","No"
"0xebf967fcfbe6689e3ae9c239a9639319a580ba23","1","No"
"0x2f980b046509d8ff974ff34333a32c305429b01e","1","No"
"0xe5cb180aac5caa5a533189c5124bdfe2797d3ae0","1","No"
"0x751747b1d099821784876b6dfe7a15b81e064b93","1","No"
"0x99eb8368478c9ab553c8ac4fd76364ae2ea26dcd","1","No"
"0x4442b1f594e6cf47fad51c5ecb3d977f6ec7a66d","1","No"
"0x32d019e965986d1f5bb54f31bbe4c8b46b434f7b","1","No"
"0xcd362eafcb881a5629e8712f19ce29b9c1c600ca","1","No"
"0x504635ae364cc84c645572a2dcfb4dfda269a3f4","1","No"
"0x0b2fae6f5f3db2d53b0e40a860bd29c073559833","1","No"
"0x65070c290b15c54465c28339ca1080e398e3664d","1","No"
"0x71adf42c5916a723e3166bdfec71296ca4af388f","1","No"
"0xf8482f62c1515620ddf0d64f685ed055833e9c0e","1","No"
"0x66143b257f59b7e76e41370a2f3689537086f7ab","1","No"
"0x2cc49b09a0a5c466ed75e18ffdf9c07f6ab91553","1","No"
"0xfcc1c48ef07786db04ca1c20c329e193997f3ce5","1","No"
"0x397eadff98b18a0e8c1c1866b9e83ae887bac1f1","1","No"
"0x4e58b97ce2c9a687ff6df2ba7f8f7217ad44327d","1","No"
"0x213f6b2680dce3e4d0924acff3e4e34520ef9ba1","1","No"
"0x1184dc44d826948180eabb1c7ae7b8df950833c9","1","No"
"0x1fb27e5458c5c3dfe1e5ff2039d5a173102b96aa","1","No"
"0x7e46b8946b1b4ad11b40df09befad5d98640e532","1","No"
"0x63bc0e119422dc163b2a6855595b14038b25f7bf","1","No"
"0xac1af26bad6af67a513d3e5c356412beeaaa235a","1","No"
"0x1556ec72331dc7633f74d4c0990df1bb48841b74","1","No"
"0x73d38d824fb2a24d1d888da0e582a850cb34343b","1","No"
"0x8f5fa5423424c752b3a0cbadb752eec7176a90f4","1","No"
"0xee67083a77f74bc09a9c2f1e179ead4becd7f2eb","1","No"
"0xbebf2e82d8767493019ea17e8a3f28054d1132d6","1","No"
"0xe8e9d95227f8001e75ef31d7a2cbb02222aa53d5","1","No"
"0xce830a8abcea295f8160439c647dfbcdee0cc21c","1","No"
"0x36fc1615f694a64a9e90d8d71e3fa890a262cb3e","1","No"
"0x88eb2863997cbae2169d9022704acf21e423b377","1","No"
"0xa25f2d38cb91f53136c25e553641e341d1cbd07f","1","No"
"0xa14ede51540df9d540ce6a9b5327bfdafb2150e9","1","No"
"0xd56936ed720550ac0e0008e6b928884b7a3d82cd","1","No"
"0xe523bfd5d1f05c670135d44d7739a83ac252c5ba","1","No"
"0x1b3dff537b7d46a0d30b1d20b101c483586747aa","1","No"
"0x3b9e454b80f2d5a0be1baea00b983d1009a61196","1","No"
"0x45cb8f66b256382729b2887217edb25e731e56bf","1","No"
"0x0f4a7fb8a48b8f6a531b80559853b80ee7105ea0","1","No"
"0x4f5fff35ec6fcf5ddb70aa2079a78d19e94d57c3","1","No"
"0x98b267c74728e49fd14bdeedd7e08f6c610be38a","1","No"
"0x61d9e931a72c9fb3eb9731dcc5a30f1f6c3ab63f","1","No"
"0x30fa6043cde24b079eeda2945a98f37c08f9ce8d","1","No"
"0x11573bc2152e215ed3071d7668084518cbbed215","1","No"
"0xe1d1c5f48f708aa038aa6a9976308cd1d19d951a","1","No"
"0xdd4a19dc351ba42421db282196af38b433aa86ba","1","No"
"0x9497243478392b1f7f508874f606379f989c6eea","1","No"
"0x05ac3d28434804ec02ed9472490fc42d7e9e646d","1","No"
"0x96efdc17e409477660ea18011665e3228d02f179","1","No"
"0xd32b0a3d760fd00d9fe44dc7793a5fe3c028159a","1","No"
"0x8530a6fbbd68877bfd72038dc157f41ded574dd2","1","No"
"0x9da71fa22953121d3d00f525dd082188dc1b5064","1","No"
"0x13fe90036d4184de4bdd3d5d2f28dbffd44cdbda","1","No"
"0x577de7b744e85fa17c488d6b38f666dac458efde","1","No"
"0xba18a279d5bb53784da77f4f4f0cc5d86571e37a","1","No"
"0x9e8531be8681b1cbd3525e4dbc7bbaa97761f31b","1","No"
"0x3aa6605d87f611e43ad0a64740d6bef9b80fcd2c","1","No"
"0x447b013b60e97042da31e3e4e996540025863c34","1","No"
"0xb4c4f2b25a6747aca2e7d8c1800085b2dd4e0aed","1","No"
"0x4494916c436de0942308810b6143862f595c4403","1","No"
"0x1e25af449af3a8a37b66367869ca7002036e98ba","1","No"
"0x9a58fde73e66b9f1979789f0aa3c71b2c6880fc3","1","No"
"0x341e8c85960c3fba1ac5bb3aa10a673517cced28","1","No"
"0xe62c0d3423351ab3dfa1c1a403392a5ad58c617b","1","No"
"0xed6a6de0b7300d2475eb9c7b847fd3bd0fa712cd","1","No"
"0x25ce9144444218d5326f6c6c5aa38d975c73b211","1","No"
"0xc21076b4afb51e46965019ed50225542af8d4cc8","1","No"
"0x09c64a95c610e7bf78ef481ea9c4bf6756ad5351","1","No"
"0x3cfa7505b674a690f992ffe62f916d530354478e","1","No"
"0x9212e74fb08d5e02d1f9ada1b65981f184b7157b","1","No"
"0x4226f83b6761fe3259505a5edf31ae4657582d15","1","No"
"0xd14b350b6ab4d6a8ebba9a58d625410ef579a3c1","1","No"
"0xcde3725b25d6d9bc78cf0941cc15fd9710c764b9","1","No"
"0xf99fcabbd11f5465061bc233b9586a55e4379cf5","1","No"
"0xcafa92cf95c281f8906987d293eff535600fe73c","1","No"
"0xfcb5a922877683128cc8b52cd7883cab12d21229","1","No"
"0x391985fdf0f28de092027d52763621221684cadf","1","No"
"0x2222222e73981add35011b3e890a6356f166909f","1","No"
"0x5ee4bb8cf037a6c88da5fc3e84f5e260984daeb3","1","No"
"0x4abdf782327d3447f614525c842571e8172ce5a9","1","No"
"0xbf45dd1bca8067769494b935c69763ca29de85a0","1","No"
"0x0a8156b4b7caac60c772ab8e080aafb1878dada3","1","No"
"0x9122bb1a97a428565f8ef8599f025ae48a8b0238","1","No"
"0xd884587e95aa4cf73eca390abeab64881826df5d","1","No"
"0x386465da26f3a6cc68c4c5e95fe37422e1df5afd","1","No"
"0x7b8d1133d3dbfbfb90ab32071f46106a88cf25a5","1","No"
"0xe0178ed26cfbe534aebd4c9b8dc3f300caefd5b8","1","No"
"0xfe4297acdc841fdf83f006a7940be45f6950b9fc","1","No"
"0x9c19503c62b533b690aa4928c0dd75d4c0b02590","1","No"
"0x5f13fbd61bc5dc77758d72f4fbf17ba591f1962f","1","No"
"0x749de80892001659b7352042ae83b8b55ce0e87b","1","No"
"0xe3f880838c6536934906cc357aa8e764e0442bbf","1","No"
"0x670d4460c70415438ef1868b896b86a5b6228192","1","No"
"0x35f29b598057b594dd085c8fd1d3f692033aa17f","1","No"
"0xf5e4ca0e39e3def0d2b3ccedefae7b1cf4ada3c5","1","No"
"0xdd5806e7533bbe68b009e391b6cb1aca66ba10d8","1","No"
"0xe8e83ddfc373bbbd22edf5a80a30ec7ded8f2b47","1","No"
"0xa279169d570635b8c9d59aef9ed0d0e9ae6edf34","1","No"
"0xf45b0ffa221f86f4724237d3d1e1bfaf33670877","1","No"
"0x46ff24b3672f8600f4a6b8fcd70cb50f1fdcb782","1","No"
"0xb941544b987551e0f2cba133e66eec749d7c38e1","1","No"
"0x648f65dcdf221c061c82c293ad6ed36991cad562","1","No"
"0xb825b99a2cfca5b4a46f9de2ed251dbcde0da18a","1","No"
"0xb7b7942525343739674223061e437fff87399312","1","No"
"0x957126433a407dd1900f8a0c6c2ce940fdb21395","1","No"
"0xe77a8fb60de5f73c610997976e619e4d51d09c98","1","No"
"0xa3c2651881d2081831d534f1e87593f7e926bd6a","1","No"
"0x7c83cf4d4aec958923d2d7fb1c144653f1f07b17","1","No"
"0xe32645f0b85afe0f8997c7a0ada61f93acb37045","1","No"
"0x48595a6736ab5480128c23597dd2d00f43ba82f6","1","No"
"0xe477fec54d3af0d301886b1395ee43dd724577a1","1","No"
"0xcb84245288b62ff5693d1557d253845da4f9f28d","1","No"
"0x8bc8b4e4921101bcc56ec084b906069b73de7276","1","No"
"0x6e5a39f477fd643204e78de79e545e5d697054ce","1","No"
"0xd5cf44f59d0079be8764d1041c5d238864e7a28b","1","No"
"0xa62b7abe42dd988591cd91a026da1c291cb9aaf9","1","No"
"0x6d480e89a4ba91fcc27024a658543c8452d4258b","1","No"
"0xdcd3f5a53eae5848623e2f3e8e637c326012215a","1","No"
"0x3a09b783e8e3e0888b24d689a23e0f6b69aa2bba","1","No"
"0x8660a7e2d207d2a37ef11c4930bf4efdac5da962","1","No"
"0x9fa7fd8d9170f0dda389922e6c956800d5149924","1","No"
"0x2280aa395773d065c8df544fd20394a1fa86780a","1","No"
"0xeecf1183fb1491103ffeac169b7d56daa8a07098","1","No"
"0xd6088ff5d5581325b5c7edb77fabc1b61738669f","1","No"
"0x8a45806606b96bd39af47ec8943d3b18ac51ba6e","1","No"
"0xdd5770b0f9f17f0228cee1f08903ff6b0cc7a7cd","1","No"
"0xd27caf9018dc571f3e317485a81698e43edff04b","1","No"
"0x38aee5584c02fd0dab4f92d6f015ec3b3849a884","1","No"
"0xd262da31e589d55ac9309f91d36354a5a620b172","1","No"
"0xc0e37d5c2fff3cee10d957cae81bbc5e67782cf8","1","No"
"0x00ad3d4cc099be937879451698c673cbd5c3cefc","1","No"
"0x3471925596fc68696f33d525815cd89538b22882","1","No"
"0x03630a389ced4b57ccdb7954bdfc656424b6cb66","1","No"
"0x6680ee1074094326dd35505f190857e42859d63e","1","No"
"0x46ecf089877dd0d0d58e5ec3d1dcabf7fd867815","1","No"
"0x037dbeb376900653e8b1744ccfd30f074f9f282a","1","No"
"0x10e5fdfc4f07b9747a99aa2aa0e154011c84a9c2","1","No"
"0xeac7824c2f633c53d2acfab0c8e483789b7e10e7","1","No"
"0x858bab63629f8b1ba4679adc7765a6dad91d5198","1","No"
"0x84c9285b62eb8d15b83dff05d5f2c27b9a473bba","1","No"
"0xfd3e7baffcb656c729339d93790fac0687e5611a","1","No"
"0x3524cc9bdff262585c364bd9981c8bdd9a0a9b81","1","No"
"0xcbf1c41b206dc683214eafa3f3d6304553bc5d35","1","No"
"0xf772578849fe108f328e549ff36faf958c622611","1","No"
"0xabd8cee5a93265fc7d1f9e45f0169294d01b8802","1","No"
"0x9a0fbb0b61e52bb1d4f861995bf3590083261127","1","No"
"0x07411794b66dd457d1b47fb21a56db0022c6d715","1","No"
"0x9eb52d899ebf2c46d8cb490e86a591e683a04bc6","1","No"
"0x491f8c95b80ae7d28f409e730b03cfef62066a53","1","No"
"0xbadd4b2eb6d8564e3ccff08a89c8a9966b5d4d8b","1","No"
"0x84e3e0f568ed68b4f6827fe797444b3d5b1fd8b5","1","No"
"0x73064f6c1c5dad8d917782aec16ab564feb3c011","1","No"
"0xa58171e75565922e0557a940f1f10eb0d897fde9","1","No"
"0xf8f1c5aa517b3496b19c3ade3d09dd9ca0f80903","1","No"
"0x7255fe6f25ecaed72e85338c131d0daa60724ecc","1","No"
"0x5bb96c35a68cba037d0f261c67477416db137f03","1","No"
"0x413fd6b18910e516da68d3292ab9b2dd3a87971d","1","No"
"0x0a771437ee59dcd30429dda71a1a011db8957bd1","1","No"
"0x3449a7799e1f6b93aaf5a631846a37c54aac1b9c","1","No"
"0x053671da56cb9f5c55698244c95fcf1c706a54e7","1","No"
"0xc2332295cfbcd03531a77b00a019f39335ab8d43","1","No"
"0x1684c382352fa8992e2d12264b08cbfd8e06b7b1","1","No"
"0x7553fa99ab1f429551eec660708c08e14e30584f","1","No"
"0x5ed86506ff1244bb3ac0c309d5fc5ae6c0375464","1","No"
"0x732a38e6248109693bf63db97965f6cb6b087d2d","1","No"
"0x123bcdffc5cc7fdd30a9a2fcd99d4897a6bf41ae","1","No"
"0x141711dd6fe5439d6445f402d00ae5f38e13b543","1","No"
"0x0586cc847c82397c443992facdc8cae0dba46956","1","No"
"0x03154b9e76b3e6eb27357ccfd638f9ac9085e8b3","1","No"
"0x8f53e07a0708d45cfac922559a24e0cb3ace0fe7","1","No"
"0xc463ccf59bef5ee92dd25887b196725b6e5383bb","1","No"
"0xef8ff0d07d81cb40f982e46fafd7d99c692c3b26","1","No"
"0x08695f097a156ea18f955df09ebbed507c0ec1c5","1","No"
"0x324bea1fdf09a4728cc3aa99c53847b72b888e76","1","No"
"0x0f2bec81196943ef3a8abdbef43664420d02430f","1","No"
"0x4d80fba8dc56ad901cae47cb632d0ce277e1206d","1","No"
"0xcc9db2c55569fadeb982d2419da5dc4b71d895eb","1","No"
"0xcb8a13e6a22ac2da9ab3de6db061e78e85b30c4f","1","No"
"0x00e93622b84ba7488bbb1061886a3cc4294e4484","1","No"
"0x30e3f939712e95c6f554fa84f077bf16163ec07a","1","No"
"0xbb5a56f42b3e7177c0d2eea379095ba21898163d","1","No"
"0xbbebb0582fc12fc6333ec07cae09aaabd9b90049","1","No"
"0xec6ed92c18732e3968a047cc0293861f5b1fdb54","1","No"
"0x63ece3df9996eaaaeeac35da3cf240412eeffbd4","1","No"
"0xf3ccad261fca091a64637614276ad273c8d6c9a2","1","No"
"0x417ecbda547f879575148b8a5347bc9ca2c7ac53","1","No"
"0x0fccdb277092c686a53054d009623e5bd7c10001","1","No"
"0xfc1506bb0bac30afebbf27e2b386e1e907d00001","1","No"
"0xf3c4e0d16f9fbb59e57acb7cca0233cd5a6c2095","1","No"
"0x580fea0e8da9668287ef7ef587615cd406da0eb0","1","No"
"0x6b47d26774f157d8bbd7f82221c979370d71e21f","1","No"
"0x492afa7a6785ed7625d863e895c1e9d1d1999999","1","No"
"0x938a49e24fd7a26149dd537019078d8a8f919290","1","No"
"0x896002e29fe4cda28a3ae139b0bf7bac26b33a8c","1","No"
"0x327b6fe69e64bac40ee53d2acfa1f2a3cd355e8e","1","No"
"0x8ecb00f1989ac7309229e451a16d6eadcd2a9539","1","No"
"0x66d5b45c3bda659baa794d13e9a82dfefe13b7a1","1","No"
"0xbd1187af7b213694b6abf2ed86666066faedb168","1","No"
"0x52eeff259a83727347ae7ec3f7d36c13ea4e8ce5","1","No"
"0x3a07527532785e508587fc1a69394d5cb8c32a2b","1","No"
"0x3ee43db13d070629fe2fd9b8569d8cb0b5888888","1","No"
"0x5eea1741ac149013c93232726452d0fe72666666","1","No"
"0x8fe9418158c1fa5f6b23b5c25d4eb75bd3b8d586","1","No"
"0x3a2f3e3ff3556269d16fe6e07c33a0ebd0289ff0","1","No"
"0xbfb5458071867bc00985bc6c13ee400327ac5f97","1","No"
"0x8ad29ae0d3cf87ee8d8f5cb2173fa7e08c00cd0a","1","No"
"0x5d2ca9c220f66a5f181e53bac510fe1e1a0ba268","1","No"
"0x7dd3705b1abc05cf736f6fdce4bcac1069058a63","1","No"
"0xc6571c2fb66825f13b7751b1c334810d397618eb","1","No"
"0x04cd9cc35601bb748cbc98b549545f44068cddeb","1","No"
"0xd3aecf9e0856822bd320873e905ae9f78a2977e7","1","No"
"0xcfef5bf5e5778fe33ed52d3c2bb5c29c324f0fd9","1","No"
"0x625a1a909edae7ae598db8b38d351ee3d5303d73","1","No"
"0x73f61e66345b8f78951508e8f1cd0ab51e1d9b6b","1","No"
"0xd4ef1aa497a13118d3874b65472d3f7f613f0fc9","1","No"
"0x3fec716797f6b5d4ee38fae8cc61df06b1423cfe","1","No"
"0xda3605d79bc9e6ddef9bc8166c922cf7fd7c01a0","1","No"
"0xc18b43ed89d57eab52e217d73d40c3f8e10858c1","1","No"
"0xcb36bbbeb8ea1900472bbd35032c3f0000ccdf2f","1","No"
"0x9f479ae664f0beda22c64e5f48a150a6f85acb77","1","No"
"0xa263a0484e89c25873a59f2e5c089fa42fef8e58","1","No"
"0x54cce2fde51da89356a3a5522af39e9c2169d4f4","1","No"
"0x070330e027a3e4327ba69f0c8a1885df4b545837","1","No"
"0x8fb0bd26b6d78e4642b238d94fa9a157f5524fbe","1","No"
"0x666666281bffcf224f0d188ac83e27ced82149ba","1","No"
"0xda8639ebade510607414fe396e98171280ee86f1","1","No"
"0x6ada6454cd458e230c26e8cba2ba18b0b41f041f","1","No"
"0xa0556e8e8b617f184c6948df2c08ac795036daa5","1","No"
"0xab6b187594be2825dec6a8096fa74cf8145d4e25","1","No"
"0x1334fdd8ae0694168785aca024768f1d99b65ff9","1","No"
"0x7476ac8fc6ecde007d9c7120a8d10de6474aa18d","1","No"
"0xa742a54e0b9cd1cac03c8f569ba4c606694261f9","1","No"
"0x7f78734f0ddb97c1dd898de20694dfca991b1604","1","No"
"0x85c9cd4c46ea5c26362e07ddf742ac7e2f039cd7","1","No"
"0x8a5818d5f424fc462cf91ba05663f8c4fdfef767","1","No"
"0x79b11cfca15a093b57e8a22b2bb1acc54ed1411e","1","No"
"0x39f6ba85405f9e66fdd2024c88946c1aec698db3","1","No"
"0xe2c4494288471af598d8e7b8554d144a6f4fb088","1","No"
"0xa8ce8d12aa7884707b2113606d67f6df26b63196","1","No"
"0x211db9de76bdd081a58280a6b287b0c40f89a2cb","1","No"
"0x1fc550e98ad3021e32c47a84019f77a0792c60b7","1","No"
"0x1220d8c528afa28165a1f065b3749e717db98a2e","1","No"
"0x207053a23d86fe3697dc073461f293894a931a72","1","No"
"0x08ab30facb3ef439589f25e85496428f1fb5b077","1","No"
"0x00266091751fa2f4a3e7d06bca1853e8525c35cc","1","No"
"0x77f3675438e7756215fcca17b0e746eff11f885a","1","No"
"0x700b46f4cda1d668920c105247291c640e521f0c","1","No"
"0x15f2a0e6d94dc205e40f23c63657058ae1cb5f3a","1","No"
"0x203afa5a8250bde39f2c9f302087ca7e57d6a0c0","1","No"
"0x034a8cbc9f84487a692b6bc0f99a5fbaf3a67429","1","No"
"0xe6c6930502d2bd39ddfb2f0bf6775a9e9bd84af8","1","No"
"0x71cdb63ace91b038a1186613d7dd8dfbba8fe3e5","1","No"
"0x294fb62fd7038e3bb6eb7b9bd7f096814f5a9476","1","No"
"0x77f869faf5170465389f01e9381f7f6cc5b9b11a","1","No"
"0xda52a93c138297fcc1f6458af731ee8108e968f6","1","No"
"0xa8fa325872a3929fa7a3bbb6bc7ccfcbaadf2cfb","1","No"
"0x5a0dc15c9ececeded97c7b1121461edc623a0349","1","No"
"0xeeda7f71df5a589a9b8c5794aa3d28d66a4ee672","1","No"
"0xcdb2de3c7e3523f943904bdaab94e316853601ee","1","No"
"0x13b91b3ff58886ace7637e547c53bbc2936d803f","1","No"
"0x49cb873ce2f9b3b6d33f698e2558fce41d282ebf","1","No"
"0x4c055c57bbec78b38e28baa48aed45f9eddf4c9f","1","No"
"0x27c518aa2432254005f2d506aa9403675a073f7b","1","No"
"0x980dc4e1eafe834f0fe06d389d9fd25c1014a35d","1","No"
"0xbd06d2ae83e356f32be81185e09415868f902a43","1","No"
"0xf56c7b1449a8577271cbd59101c588944f4217dd","1","No"
"0xa44ff88eb31f1f2939aa345daa2a01c93a87c433","1","No"
"0x4be99966148a05c163fd9f2e2ce262a81613fd98","1","No"
"0x7f7bac92aa3e28351f9e89535ca334e8a44542d0","1","No"
"0xe608449cb4ae30a367a288f23fcaa821fcf7ce18","1","No"
"0xda1798629986eaab618d51fcab920bb78134ec09","1","No"
"0xd75b5a44d0c7941a0fff46ef98af7ae0defe1d59","1","No"
"0xb5a24036cd1d56e6e8821497ba05b1c4b8a1368d","1","No"
"0x068db2a4655158bc61e6147c0015bd2c63b4cf08","1","No"
"0xcdd05bae4c5ba7dc483d092903aaf3036e91efdf","1","No"
"0x13ac0d7bb293163922ca296a0c3fb1b236c815f0","1","No"
"0x662d18647c9970510e734611349ebd928bb331c7","1","No"
"0xa38ffe16cc95966389810970927784ca89db1085","1","No"
"0x35e3a5f9a59a441f5b87416ed68eb99753e59171","1","No"
"0x4a1d9e3b1a543601a7550d9490cb41936265f715","1","No"
"0x6bf3b32c6cd3d657f602347666244377793282e3","1","No"
"0x27ee7ac586e3dca9688f6e2acc9849e5617f9f22","1","No"
"0x17d60e33385700247741d8a0c2db0d4ac28130d7","1","No"
"0x1abffcd88b5a3bdf6de4e4e68a940e378df2955c","1","No"
"0x037be2500fae074adbf7bc267c89d8974e633d65","1","No"
"0xab884368ab49d771cccdc3f5c9ff682767e450d1","1","No"
"0x566e3171b980dcd041ec0696e10c73fef191dcfd","1","No"
"0x83c9440dc34da00c47a0d4dc2b598d7bdb1b53f7","1","No"
"0x8f8b87875a48c742efd64c2a7f466b600b856d4c","1","No"
"0xb3a639757973ac341533344c78d457b934108c8d","1","No"
"0xa417100ddcd35787e6c0598e63db45ef5ecca567","1","No"
"0x7617807c19f186cc86f854fe69a3cbabbca1bab6","1","No"
"0x68b5d2b865da2c90f05e10c62ade13edc4461708","1","No"
"0x1f83009caac94d71fb3ebd92bbfcddf9a6105f43","1","No"
"0x1775ee5a188b88937bc10f98dd40382f5f2e2d2d","1","No"
"0x18d8d4ce6ffe641c3ef74758bf66cb02f7fc2bbd","1","No"
"0xc4366e30e1af84691b5cea86fea85aa0671f5c79","1","No"
"0x71af436ef0e586645fba6626a8db1dd2c0296428","1","No"
"0x0df2861c4a9b81931a49439daae6468716815845","1","No"
"0x83bd3cc9a450db2870ba4117296cdb5269480fe9","1","No"
"0xf0516320eb5005d806992b59c0dab70cf14ca8a1","1","No"
"0x56882ab9356cc0492455a71d5d55efa2734ac64d","1","No"
"0x8bcdd62f68ef59a47c58aa76430b2ffca7ce6b24","1","No"
"0x0ef696b2da7e7c6a3113681ce57344b66bbcf559","1","No"
"0xe3d7f256a1fe76c02a7054ffc07c603bafd2d735","1","No"
"0x593c09d996723b680829a50e0194844ded15dfd0","1","No"
"0x520d7779c07cdcf7e70d730a7afc1ea8540267ee","1","No"
"0x3269e325066422c50b5a4e8a64794f44c7fcc258","1","No"
"0xde17fed32af5ade6b76bac6fe7ea52b30aaaa5b1","1","No"
"0x93f199eba7255f7ce3177b86fb7a57b3f673a558","1","No"
"0x5584cf54ade7c81ab6d6bc870c714f87fc0a7721","1","No"
"0x7d0d9e857b12187bdd38aa2389ce61d97611eb98","1","No"
"0xdc8c1959c74ab2cb3819add153e62739d12be550","1","No"
"0x05f7f81ef8b158be44b96a3a3bd5351bdf28946c","1","No"
"0xd2033db9c5370ac76abd80823b5c5adc097e2fbf","1","No"
"0x3e2db934330c903a5d019eb76e1648fd684dbbce","1","No"
"0x9a23ac7a2d5be5a477873f96c04658dc04fed3c3","1","No"
"0x6a30fdd4aea0b1a6ac218d3c1ae47ee938b1b66c","1","No"
"0x6a580f3c5dc6b7ae5f5bdb0c3a96ccc66cfe87c6","1","No"
"0x54a2b3646e481ddbddc47646edacf501d54d5140","1","No"
"0xa421a68e1ec1ce7deb15f13813a23cbdd7559dd3","1","No"
"0xf3d7459c7f6f75252aadf594d2ea74f04b359f82","1","No"
"0x06fed6366394f8e5373ed9f08e76b391ab70d77a","1","No"
"0x7df7d3d0b4c19bf5289b37b235f607171a147fa9","1","No"
"0x578f4041e985bc38911dcda6224e954798dbf446","1","No"
"0xcd6526d661f47754a238c62e61be81bbedadd991","1","No"
"0xef4475356edc976b30cb5fc05f6d95a987943db1","1","No"
"0x94a3cce23a115e91f444cfc3191f93a5d42d3bb8","1","No"
"0x87e6327b54970215505fda2b58a4052d5bb25ead","1","No"
"0xdfaa171f1e02ffd267c0fe0e9fb6611b32b9edf2","1","No"
"0x98fb81d72041bf80bcb3d79cb6cb2d5195b82749","1","No"
"0xd5102725cc00421854dd616a2d8769ce36017315","1","No"
"0xbb2b6546bbbe61e303d984285aeaac5a2950b5d8","1","No"
"0xc724e609d9a3968013ef8ce0bf2cb48971a9b01d","1","No"
"0x94ddee5ff016be756882ab37714013e9b199ccc6","1","No"
"0x667eeb11e3adfc2f3a8e30c2787f74a2760eccfe","1","No"
"0xd6ccb37888914f806280b6b140a398c392fe7a57","1","No"
"0x1fcadf6b398ad87a9fd972bb82ec40b0954b0c6b","1","No"
"0xe7765e5bb4562245c274194101c1ad1da417a033","1","No"
"0x83d3b4d6145af3acad31897b152dac3b78cd7546","1","No"
"0x1507ccf5a8bea8bd8bb9accccb384db4d45c46a9","1","No"
"0xefcbfd73d67f92b37713e7eb9284e813b8f0e49a","1","No"
"0x70b865272ad41899e4498ece22c05d044c42870c","1","No"
"0x802e03189a8c306a2e4fdb118cfde6e199ff4e94","1","No"
"0x520f3ceda6cb793c0e7934ae2673f0ecd7b8cf86","1","No"
"0x9e4d023eda8cc5170fbbe116958ed8dd933585d6","1","No"
"0xc7b42f99c63126b22858f4eed636f805cfe82c91","1","No"
"0x96b70c2ec4859a46be26594f2b581f4977f20f4e","1","No"
"0x8229347fa186183effc8b8bb0faec90542ec500c","1","No"
"0x9feb24d0193d5ef929c6b01d53675d3225ef018e","1","No"
"0x3ecfba75d5a113241ec899888319a9e1e456ee9a","1","No"
"0xe95ab07a55e8489fe8e81e3281c8b3fd95c7d8af","1","No"
"0x4d661e1c62dff71cff7e6e5072b690a70ab1281b","1","No"
"0x1cb96c15327757d3f87ebcf6a2ba895e1437ab0c","1","No"
"0xfa8a4475ae934afd11b68eceb73796855db54c62","1","No"
"0xf1f93a88f08926a5158a0355f142dbbacebf399b","1","No"
"0x4ab3b4a525290b98fdf4baecc4771359b8ef2652","1","No"
"0xccc2c0dabe43fb6540c8edf0e9e8091b25e4e8d6","1","No"
"0x14d15f15f1151d82e0aa5f2443b7da68f981424c","1","No"
"0x2369c128c654d66889472f51b2896ea11c496eda","1","No"
"0xf8bce6798e13a29521766c09825a295602e53657","1","No"
"0x379ff14b4e5ce9c5f82fe130c7e5f0ad898497ba","1","No"
"0x7cb47c602c9478a73c1d58d9bc1ced7bd47023d7","1","No"
"0x6c6b2c0cb239b4e29306f074fa33eb53ef4708be","1","No"
"0x0af34b996d21c2e6455c8896a7a6674f6c233bc1","1","No"
"0xabe48149fb293ff377cc31f46bdf506a1a00bf1c","1","No"
"0xc3ea4283f58acedb1c3004db126f1cf5204f72f0","1","No"
"0x0d01ffcd7c1a17eb87718470ca2f227097234cd5","1","No"
"0xc13456a34305e9265e907f70f76b1ba6e2055c8b","1","No"
"0x83037d633813d101299a84e5b131e19305fdfd1d","1","No"
"0x19260b4fe5eeb32744e3d6663cd75c1eb81fcf64","1","No"
"0x97d80e1690705a79359dbdb45668def035db4981","1","No"
"0x79f3ddc535bc7ce363b0f43247da8f20e68f0a27","1","No"
"0xe1a2cdd4fb58eee09da78db898adbadcfe5f1780","1","No"
"0x40930039d6c3e8c322e58e6d289245bfa826bfe4","1","No"
"0x6544df975cf58a0b2c9a361a8db2e00d338e10c1","1","No"
"0xc4be9875ca8fa38bdcee74d6cdd19b5cebd42a67","1","No"
"0x7f732b548ca3e3c00c14817f5d6c2eb08fc50884","1","No"
"0x71ec1f58656b583f14aa2d7c628aea8f4e1c1cd4","1","No"
"0x9c097e3b0697d585701b93490ea0466b6c2539d8","1","No"
"0xb6da5c72fa3cf02c4326f685adacf50d4f55b746","1","No"
"0xb702488a6c08e34c6e3274367392fc75b1321346","1","No"
"0xbfffc9975aa459b229a2ad31c9a021d291359b3d","1","No"
"0xbc8867ac24ea5ae452204396875342466d28af69","1","No"
"0x802b327a17457dac8d0570d129035f596dc583ec","1","No"
"0x004209c7387ffeeb77f33240a3c55bf7b4cdc23e","1","No"
"0x5853b151a3a4b6e3769a0516db4ef76dcb8ae401","1","No"
"0xdf35ab11698d61891f81126b6e391dd6e43db5bd","1","No"
"0x6ca74a835e27aafde7e901dceb25f376409818f0","1","No"
"0xa4b6abc265d3e5ba4050b44a446553ab908b4cc0","1","No"
"0x7029bfa9a85ebf4653945be520dc3b7f1181f4af","1","No"
"0xc4a5bc7e3690ab20f8fcebfa5dd04b858c423c79","1","No"
"0x7ed146305a97e37f21d112d32eaabe9aab8f9636","1","No"
"0xd21bf575fb36ae45370655c79886b37173b11a41","1","No"
"0x8679bcf9cb019d1b05b89dca59d657b25d032c0f","1","No"
"0x1cf98210f34cb989be9694de2091ca35dba9d928","1","No"
"0x382cab376440f92d4943f8b47dd45645cf98be0c","1","No"
"0xba3da694d72d12eebaf343e4f7277ee109d78686","1","No"
"0x3904b0dd0373e8b470f3482be089f757ec6aa6b7","1","No"
"0x01f0729390c53a01a6c1afc36c3804cc1c3eaead","1","No"
"0xdb54739c4832d8e2b68b845098336cb3b25c6d99","1","No"
"0xdf146838df8b9f450122bbc4cb2570357e222c17","1","No"
"0x852169fa4aedc595f22ad5514bb74bdfea073b9c","1","No"
"0xd3de6d39b49110c9d5042410b072048ff2c170ed","1","No"
"0x4cf8be01027ad66c4939181a5b8c5b2b281771f0","1","No"
"0xb02617e9ea646c5bd2a82c5c5fb417e3255a4876","1","No"
"0x8f6da831710a8d30de1111aaf28c697aaf5056dd","1","No"
"0x4fecce1be339db44a4fd36f2fef18c6401ac2f8b","1","No"
"0xb3c907670200ba46575cdadd8f6ab553d9c04734","1","No"
"0x7e91e9e7071f8b9b7e7190f80f0129308a81d9da","1","No"
"0xcae1776fc92207ad387d9922b72a3679a6bf24e2","1","No"
"0x954054abdbdead4f4bc6d857fb6925fbd744437e","1","No"
"0x387c15a2f8c008ac737061d078b6195cedb9c4cb","1","No"
"0x58117cd74c97ff72a912ab21cebb351dd5eafd9c","1","No"
"0xf8713e8853318acab12b5e8611df8a23fc4200f7","1","No"
"0xcbe3b686c1c8037892211b37f51d1d04d1bebb51","1","No"
"0x13fcb7b29f135d3740ca8c6e3f775df6994a3d8e","1","No"
"0xdfb92efe4c43a70d006c48eab83c30ed5f692e5a","1","No"
"0x95ae952b0fcbefd6c1013142420641d3c8143b3d","1","No"
"0x6376ba69ade23d5ab1e307250ff277d54163d2d6","1","No"
"0x70cc711c52d00d7229b89271e885b1716903c649","1","No"
"0x8dbd268e96530045d9ad3c95333cc73b2f03780f","1","No"
"0x97a1ca841b4792068932d4224681f6f6fa22c549","1","No"
"0xfdff46b667cca212488be0c37f814dc12592a7bf","1","No"
"0x3ed73fc1f8e99afcb227ee919a0fa4baa3c676b4","1","No"
"0x44150a08bc3f296b227c28388989bcdf5bc9b954","1","No"
"0x73e6562683118fea6ce27f0ded36d1406a9bf6d4","1","No"
"0x06dae1e05d437c8ce8834407b62c7a4154ba9d34","1","No"
"0x243119dbef6acffe4420c2b49f7a3ec2f8f870f5","1","No"
"0x97c91648eed7e05b1f84a4659e26398ceda3dae9","1","No"
"0x9674008aff5c785baaed9e795e6417dcf0268229","1","No"
"0x1174a86aef9f09a96876c4486dad05bee6729961","1","No"
"0x157eef4d080b393035765d09f3609847eb839829","1","No"
"0x4676326c81e14045979c5f8b7caed52351af5947","1","No"
"0xc3f86b0181e7e2bdf8224271839f8ddac56574f0","1","No"
"0xe0b47475a041219779c7798b53cd24a53ada54a3","1","No"
"0xbdbc9751d73f29cfddb285eba08ffdb7b3395dfe","1","No"
"0x7166960f80a30987c5bf529bbb267f8b84066e5c","1","No"
"0xbf09a70a0166d52cc9af514e9ea658b8399c814f","1","No"
"0xa9821681fef27ed817df77e476dddaf0adac4443","1","No"
"0xdf06a761d286c0ae835173236e1f12f1379e4977","1","No"
"0x7379e6927ebece670cba86d31c9efb8cee11daed","1","No"
"0xd9387216f0304cbf3ce8428388dd48b6d16c6e17","1","No"
"0x41adb22e42779606e626f1cd14c72292c8342705","1","No"
"0xe5c80a7963c0d8f4ab9c0bb8d854e47594cf9394","1","No"
"0x8c85f4b81e6e43a81d4ff42e7bdfc8e4d34cb369","1","No"
"0x5dca7bad26550b04a2d6911ba64bb7e7bdd67787","1","No"
"0xf0d65d474ded5379fbdd8cbf97bfc5017fb14e24","1","No"
"0x48190c210b783829f529ce1f0daa3d01d41b2864","1","No"
"0xcec771b3ab9204c4eb0b731111658e7c8ba539cf","1","No"
"0x97fd87cc32ed4ccee07b17e1159e9aca85b223ab","1","No"
"0x176578bf964b1c41bf715ff296065f113ce99298","1","No"
"0x7ca38bac0a7c2d603e0d877f2c16e6792d7e9ee5","1","No"
"0x54000ee7129661e2504cd8ef6af085d074d8330b","1","No"
"0x240bcfa86a74e5145eac4ff94b020e73651f7015","1","No"
"0x18246b02f65d1bc97e7b33b56afd5ef680bf9c07","1","No"
"0xe6e15e8906a89b2434f509971ab350a4397349d9","1","No"
"0xd0fdb86bf55c4fcfba3383abcc7c2f3dd6944627","1","No"
"0xa52f47cd4a93ae311cae7cda7d973df4b47c58f0","1","No"
"0xcab5b71ef27aa7427ec7a87d95ffc0e7e3434565","1","No"
"0xf847e9d51989033b691b8be943f8e9e268f99b9e","1","No"
"0xe925e176846a8dbfec1ffcdd1ead58345680a427","1","No"
"0xb1eb72fc8e2c35b63d5c4ccc863f226701de6d48","1","No"
"0x639e2ea573935f7dc62effd6314269b82e6fa9a2","1","No"
"0x43a66d39c830174ad5d06a68e2fe21e748dea8b3","1","No"
"0xafc68fea4556ce538a27804ae82f7e601df38bfc","1","No"
"0xc7a964d9c711553fb534d113e52948b813730396","1","No"
"0xe82d25c814dd6526f07201522faf8b4dcfdf82bc","1","No"
"0x5e4db3f9811974246080cc663726e465de27cdc3","1","No"
"0x8390e3f92b24cfd8682111329cf25b86aba76cf3","1","No"
"0xefa80a25527fcdde37058aad50983f5c5f72039c","1","No"
"0xe3af998ba2c3825c8d03cf564baf349494d8088b","1","No"
"0x842f82b1fa2dedc9d6826a69c1049e6bcfca75e3","1","No"
"0x3550e4b91dcd11f84ca3269d386d33746c460611","1","No"
"0x2c8691ab641b0cf2c3e28c460f11c348a9961101","1","No"
"0x04ed5c0b70b049575497ebe7f4c5badbbcc17ba6","1","No"
"0xca40f3fbce29035b6fe8dd7adefde310f02a9c96","1","No"
"0x8b694da611dbd24a06f616f256560170d162e35f","1","No"
"0xc92629bdbac2acfd3bf4e430e70f4516008dfbc0","1","No"
"0x936441021521f11ec00d915f115aeeb852d410ad","1","No"
"0xb3c4e2709d57a9ac0e80c8f1f091ac921d66197a","1","No"
"0x2e51bc1c538af2af9d41a20516330219a761a64b","1","No"
"0xfbf8d6c0280294259b9d1114ec663d0b9e8d7d4f","1","No"
"0x9c9734d6ca5efbcdc4f1fea4de0764984bc8f89a","1","No"
"0x7a6cbd7a4562021fbdc0ac328c6c572fd703087a","1","No"
"0x371c743cfb0f7277bdb31571f521be7ce05c1890","1","No"
"0xfea8ee08f2d043181260d8d0e113a2734fb68470","1","No"
"0x6db0d70c52b38fe480a37611718ed4a8b9e43f00","1","No"
"0xd967aa94430f26e9a24b0d8204f4500155b475b9","1","No"
"0x284c5eeba11fd1aafc011e7d78e90e7ba703d285","1","No"
"0x7bb5c8621a535c1cb5a0fbf0216147976228e485","1","No"
"0xf8926a177273202755f9fa930c96285e612375ac","1","No"
"0xc3ae032ab2edee66dbc9e618b8922a0d5a589f9a","1","No"
"0x0cbebd66dbc36c207c07b295aaf7fcb9c48cf2ca","1","No"
"0x86a3b206b5fff0212dd1df0e8f83af889ca37a19","1","No"
"0x996c916dea21f534f940121ea591d72005e37c34","1","No"
"0x0944fa762ff734cf2b470460a373487783e49677","1","No"
"0xcf217ad74d735b020f3628308d0232e886a9fdb6","1","No"
"0xd656ad2e105fce8052f2c2af81cb4059a50403a4","1","No"
"0x1b2e7503a3da1f16c11be33d35640e379c80b94a","1","No"
"0xd781b34cbce3c73f815d4a3b887c045e97bc2537","1","No"
"0x3f62e4c7c23f540445534a9ce62e7b9be45333af","1","No"
"0x3df82766da3f459194dceb2a14962212f1ac3b1a","1","No"
"0x1fbe7279da134c53fa521f5ee65891948e775e17","1","No"
"0x25cc09f1600ddbe8d692004eaa6ea4405ade9f35","1","No"
"0xa9e6700538b0279eca585c9d4155848c39868871","1","No"
"0xbb49cc8363d05cd1a1f79b4c90655b6cdca64af9","1","No"
"0xc6c5a204f6d853afd02ac7ef52d991bfcd5d31ca","1","No"
"0xb41e31a4ddc1c3ed12ee1ade86f01ff1e3f9fb27","1","No"
"0x3f3aa7c765e26adaa9f62705e186e907cc5b52fb","1","No"
"0xa9cfc982a66d0134fee2539cfd633559fb5cf9a0","1","No"
